[{"model": "admin.logentry", "pk": 1, "fields": {"action_time": "2021-08-19T16:37:25.662Z", "user": 1, "content_type": 24, "object_id": "2", "object_repr": "mr.danangharissetiawan@gmail.com Profile", "action_flag": 3, "change_message": ""}}, {"model": "admin.logentry", "pk": 2, "fields": {"action_time": "2021-08-19T16:37:40.584Z", "user": 1, "content_type": 4, "object_id": "2", "object_repr": "mr.danangharissetiawan@gmail.com", "action_flag": 3, "change_message": ""}}, {"model": "admin.logentry", "pk": 3, "fields": {"action_time": "2021-08-19T16:46:50.256Z", "user": 1, "content_type": 24, "object_id": "3", "object_repr": "mr.danangharissetiawan@gmail.com Profile", "action_flag": 3, "change_message": ""}}, {"model": "admin.logentry", "pk": 4, "fields": {"action_time": "2021-08-19T16:47:00.317Z", "user": 1, "content_type": 4, "object_id": "3", "object_repr": "mr.danangharissetiawan@gmail.com", "action_flag": 3, "change_message": ""}}, {"model": "admin.logentry", "pk": 5, "fields": {"action_time": "2021-08-19T17:00:41.407Z", "user": 1, "content_type": 24, "object_id": "4", "object_repr": "mr.danangharissetiawan@gmail.com Profile", "action_flag": 2, "change_message": "[{\"changed\": {\"fields\": [\"Is active\"]}}]"}}, {"model": "admin.logentry", "pk": 6, "fields": {"action_time": "2021-08-19T17:02:20.790Z", "user": 1, "content_type": 24, "object_id": "1", "object_repr": "admin Profile", "action_flag": 2, "change_message": "[{\"changed\": {\"fields\": [\"Email confirmed\", \"Has profile\"]}}]"}}, {"model": "admin.logentry", "pk": 7, "fields": {"action_time": "2021-08-19T17:02:28.332Z", "user": 1, "content_type": 24, "object_id": "4", "object_repr": "mr.danangharissetiawan@gmail.com Profile", "action_flag": 2, "change_message": "[{\"changed\": {\"fields\": [\"Email confirmed\", \"Has profile\"]}}]"}}, {"model": "admin.logentry", "pk": 8, "fields": {"action_time": "2021-08-19T17:02:33.943Z", "user": 1, "content_type": 24, "object_id": "4", "object_repr": "mr.danangharissetiawan@gmail.com Profile", "action_flag": 2, "change_message": "[]"}}, {"model": "admin.logentry", "pk": 9, "fields": {"action_time": "2021-08-19T17:14:03.761Z", "user": 1, "content_type": 4, "object_id": "4", "object_repr": "mr.danangharissetiawan@gmail.com", "action_flag": 2, "change_message": "[{\"changed\": {\"fields\": [\"Staff status\", \"Superuser status\"]}}]"}}, {"model": "admin.logentry", "pk": 10, "fields": {"action_time": "2021-08-19T17:45:30.388Z", "user": 1, "content_type": 4, "object_id": "4", "object_repr": "mr.danangharissetiawan@gmail.com", "action_flag": 3, "change_message": ""}}, {"model": "admin.logentry", "pk": 11, "fields": {"action_time": "2021-08-20T12:48:45.442Z", "user": 1, "content_type": 4, "object_id": "5", "object_repr": "mr.danangharissetiawan@gmail.com", "action_flag": 3, "change_message": ""}}, {"model": "admin.logentry", "pk": 12, "fields": {"action_time": "2021-08-20T14:27:56.492Z", "user": 1, "content_type": 24, "object_id": "6", "object_repr": "mr.danangharissetiawan@gmail.com Profile", "action_flag": 2, "change_message": "[{\"changed\": {\"fields\": [\"Avatar\"]}}]"}}, {"model": "admin.logentry", "pk": 13, "fields": {"action_time": "2021-08-20T14:28:03.981Z", "user": 1, "content_type": 24, "object_id": "6", "object_repr": "mr.danangharissetiawan@gmail.com Profile", "action_flag": 2, "change_message": "[{\"changed\": {\"fields\": [\"Is active\"]}}]"}}, {"model": "admin.logentry", "pk": 14, "fields": {"action_time": "2021-08-20T17:30:53.909Z", "user": 1, "content_type": 4, "object_id": "6", "object_repr": "mr.danangharissetiawan@gmail.com", "action_flag": 3, "change_message": ""}}, {"model": "admin.logentry", "pk": 15, "fields": {"action_time": "2021-08-20T17:34:59.009Z", "user": 1, "content_type": 4, "object_id": "7", "object_repr": "mr.danangharissetiawan@gmail.com", "action_flag": 2, "change_message": "[{\"changed\": {\"fields\": [\"Active\"]}}]"}}, {"model": "admin.logentry", "pk": 16, "fields": {"action_time": "2021-08-20T17:35:08.232Z", "user": 1, "content_type": 24, "object_id": "7", "object_repr": "mr.danangharissetiawan@gmail.com Profile", "action_flag": 2, "change_message": "[{\"changed\": {\"fields\": [\"Email confirmed\", \"Has profile\"]}}]"}}, {"model": "admin.logentry", "pk": 17, "fields": {"action_time": "2021-08-20T17:35:33.791Z", "user": 1, "content_type": 4, "object_id": "7", "object_repr": "mr.danangharissetiawan@gmail.com", "action_flag": 3, "change_message": ""}}, {"model": "admin.logentry", "pk": 18, "fields": {"action_time": "2021-08-20T17:55:37.647Z", "user": 1, "content_type": 4, "object_id": "8", "object_repr": "mr.danangharissetiawan@gmail.com", "action_flag": 2, "change_message": "[{\"changed\": {\"fields\": [\"Active\"]}}]"}}, {"model": "admin.logentry", "pk": 19, "fields": {"action_time": "2021-08-20T17:59:09.305Z", "user": 1, "content_type": 4, "object_id": "8", "object_repr": "mr.danangharissetiawan@gmail.com", "action_flag": 2, "change_message": "[{\"changed\": {\"fields\": [\"Active\"]}}]"}}, {"model": "admin.logentry", "pk": 20, "fields": {"action_time": "2021-08-20T18:00:54.664Z", "user": 1, "content_type": 4, "object_id": "8", "object_repr": "mr.danangharissetiawan@gmail.com", "action_flag": 2, "change_message": "[{\"changed\": {\"fields\": [\"Active\"]}}]"}}, {"model": "admin.logentry", "pk": 21, "fields": {"action_time": "2021-08-20T18:03:26.148Z", "user": 1, "content_type": 4, "object_id": "8", "object_repr": "mr.danangharissetiawan@gmail.com", "action_flag": 2, "change_message": "[{\"changed\": {\"fields\": [\"Active\"]}}]"}}, {"model": "admin.logentry", "pk": 22, "fields": {"action_time": "2021-08-20T18:07:32.506Z", "user": 1, "content_type": 4, "object_id": "8", "object_repr": "mr.danangharissetiawan@gmail.com", "action_flag": 2, "change_message": "[{\"changed\": {\"fields\": [\"Active\"]}}]"}}, {"model": "admin.logentry", "pk": 23, "fields": {"action_time": "2021-08-20T18:08:31.303Z", "user": 1, "content_type": 4, "object_id": "8", "object_repr": "mr.danangharissetiawan@gmail.com", "action_flag": 2, "change_message": "[{\"changed\": {\"fields\": [\"Active\"]}}]"}}, {"model": "admin.logentry", "pk": 24, "fields": {"action_time": "2021-08-20T18:09:19.877Z", "user": 1, "content_type": 4, "object_id": "8", "object_repr": "mr.danangharissetiawan@gmail.com", "action_flag": 2, "change_message": "[{\"changed\": {\"fields\": [\"Active\"]}}]"}}, {"model": "admin.logentry", "pk": 25, "fields": {"action_time": "2021-08-20T18:10:52.895Z", "user": 1, "content_type": 4, "object_id": "8", "object_repr": "mr.danangharissetiawan@gmail.com", "action_flag": 2, "change_message": "[{\"changed\": {\"fields\": [\"Active\"]}}]"}}, {"model": "admin.logentry", "pk": 26, "fields": {"action_time": "2021-08-20T18:11:45.158Z", "user": 1, "content_type": 4, "object_id": "8", "object_repr": "mr.danangharissetiawan@gmail.com", "action_flag": 2, "change_message": "[{\"changed\": {\"fields\": [\"Active\"]}}]"}}, {"model": "admin.logentry", "pk": 27, "fields": {"action_time": "2021-08-20T18:14:24.770Z", "user": 1, "content_type": 4, "object_id": "8", "object_repr": "mr.danangharissetiawan@gmail.com", "action_flag": 2, "change_message": "[{\"changed\": {\"fields\": [\"Active\"]}}]"}}, {"model": "admin.logentry", "pk": 28, "fields": {"action_time": "2021-08-20T18:15:17.773Z", "user": 1, "content_type": 4, "object_id": "8", "object_repr": "mr.danangharissetiawan@gmail.com", "action_flag": 2, "change_message": "[{\"changed\": {\"fields\": [\"Active\"]}}]"}}, {"model": "admin.logentry", "pk": 29, "fields": {"action_time": "2021-08-20T18:17:16.426Z", "user": 1, "content_type": 4, "object_id": "8", "object_repr": "mr.danangharissetiawan@gmail.com", "action_flag": 2, "change_message": "[{\"changed\": {\"fields\": [\"Active\"]}}]"}}, {"model": "admin.logentry", "pk": 30, "fields": {"action_time": "2021-08-20T18:20:36.875Z", "user": 1, "content_type": 4, "object_id": "8", "object_repr": "mr.danangharissetiawan@gmail.com", "action_flag": 2, "change_message": "[{\"changed\": {\"fields\": [\"Active\"]}}]"}}, {"model": "admin.logentry", "pk": 31, "fields": {"action_time": "2021-08-21T06:05:42.925Z", "user": 1, "content_type": 4, "object_id": "8", "object_repr": "mr.danangharissetiawan@gmail.com", "action_flag": 2, "change_message": "[{\"changed\": {\"fields\": [\"Active\"]}}]"}}, {"model": "admin.logentry", "pk": 32, "fields": {"action_time": "2021-08-21T07:00:46.466Z", "user": 1, "content_type": 8, "object_id": "1", "object_repr": "python", "action_flag": 1, "change_message": "[{\"added\": {}}]"}}, {"model": "admin.logentry", "pk": 33, "fields": {"action_time": "2021-08-21T07:01:01.819Z", "user": 1, "content_type": 8, "object_id": "2", "object_repr": "django", "action_flag": 1, "change_message": "[{\"added\": {}}]"}}, {"model": "admin.logentry", "pk": 34, "fields": {"action_time": "2021-08-21T07:02:13.230Z", "user": 1, "content_type": 9, "object_id": "1", "object_repr": "Python Pemula - Part 1", "action_flag": 1, "change_message": "[{\"added\": {}}]"}}, {"model": "admin.logentry", "pk": 35, "fields": {"action_time": "2021-08-21T07:03:06.208Z", "user": 1, "content_type": 9, "object_id": "2", "object_repr": "Python Pemula - Part 2", "action_flag": 1, "change_message": "[{\"added\": {}}]"}}, {"model": "admin.logentry", "pk": 36, "fields": {"action_time": "2021-08-21T07:04:19.091Z", "user": 1, "content_type": 9, "object_id": "3", "object_repr": "Django Ajaxify", "action_flag": 1, "change_message": "[{\"added\": {}}]"}}, {"model": "admin.logentry", "pk": 37, "fields": {"action_time": "2021-08-21T08:02:13.299Z", "user": 1, "content_type": 10, "object_id": "2", "object_repr": "test form", "action_flag": 2, "change_message": "[{\"changed\": {\"fields\": [\"Status\"]}}]"}}, {"model": "admin.logentry", "pk": 38, "fields": {"action_time": "2021-08-21T08:02:18.496Z", "user": 1, "content_type": 10, "object_id": "1", "object_repr": "hello", "action_flag": 2, "change_message": "[{\"changed\": {\"fields\": [\"Status\"]}}]"}}, {"model": "admin.logentry", "pk": 39, "fields": {"action_time": "2021-08-22T04:50:15.725Z", "user": 1, "content_type": 9, "object_id": "4", "object_repr": "Django Dynamic Template", "action_flag": 1, "change_message": "[{\"added\": {}}]"}}, {"model": "admin.logentry", "pk": 40, "fields": {"action_time": "2021-08-22T04:51:34.711Z", "user": 1, "content_type": 9, "object_id": "5", "object_repr": "Django Boilerplate", "action_flag": 1, "change_message": "[{\"added\": {}}]"}}, {"model": "admin.logentry", "pk": 41, "fields": {"action_time": "2021-08-22T04:53:05.507Z", "user": 1, "content_type": 9, "object_id": "6", "object_repr": "Django Authenticated", "action_flag": 1, "change_message": "[{\"added\": {}}]"}}, {"model": "admin.logentry", "pk": 42, "fields": {"action_time": "2021-08-22T04:56:23.037Z", "user": 1, "content_type": 9, "object_id": "7", "object_repr": "Django eCommerce with Oscar", "action_flag": 1, "change_message": "[{\"added\": {}}]"}}, {"model": "admin.logentry", "pk": 43, "fields": {"action_time": "2021-08-22T04:59:12.802Z", "user": 1, "content_type": 9, "object_id": "8", "object_repr": "Django Selenium", "action_flag": 1, "change_message": "[{\"added\": {}}]"}}, {"model": "admin.logentry", "pk": 44, "fields": {"action_time": "2021-08-22T05:00:12.492Z", "user": 1, "content_type": 4, "object_id": "1", "object_repr": "mr.danangharis@gmail.com", "action_flag": 2, "change_message": "[{\"changed\": {\"fields\": [\"Username\", \"First name\", \"Last name\", \"Email address\"]}}]"}}, {"model": "admin.logentry", "pk": 45, "fields": {"action_time": "2021-08-22T05:20:21.911Z", "user": 1, "content_type": 9, "object_id": "8", "object_repr": "Django Selenium", "action_flag": 2, "change_message": "[{\"changed\": {\"fields\": [\"Content\"]}}]"}}, {"model": "admin.logentry", "pk": 46, "fields": {"action_time": "2021-08-22T05:33:38.854Z", "user": 1, "content_type": 9, "object_id": "8", "object_repr": "Django Selenium", "action_flag": 2, "change_message": "[{\"changed\": {\"fields\": [\"Content [en]\"]}}]"}}, {"model": "admin.logentry", "pk": 47, "fields": {"action_time": "2021-08-22T13:39:32.102Z", "user": 1, "content_type": 19, "object_id": "1", "object_repr": "Danang Haris Setiawan", "action_flag": 1, "change_message": "[{\"added\": {}}]"}}, {"model": "admin.logentry", "pk": 48, "fields": {"action_time": "2021-08-22T13:41:48.342Z", "user": 1, "content_type": 11, "object_id": "1", "object_repr": "web development", "action_flag": 1, "change_message": "[{\"added\": {}}]"}}, {"model": "admin.logentry", "pk": 49, "fields": {"action_time": "2021-08-22T13:43:11.157Z", "user": 1, "content_type": 11, "object_id": "2", "object_repr": "mobile app", "action_flag": 1, "change_message": "[{\"added\": {}}]"}}, {"model": "admin.logentry", "pk": 50, "fields": {"action_time": "2021-08-22T13:44:14.340Z", "user": 1, "content_type": 11, "object_id": "3", "object_repr": "branding", "action_flag": 1, "change_message": "[{\"added\": {}}]"}}, {"model": "admin.logentry", "pk": 51, "fields": {"action_time": "2021-08-22T13:45:32.987Z", "user": 1, "content_type": 11, "object_id": "4", "object_repr": "design & marketing", "action_flag": 1, "change_message": "[{\"added\": {}}]"}}, {"model": "admin.logentry", "pk": 52, "fields": {"action_time": "2021-08-22T13:56:24.526Z", "user": 1, "content_type": 13, "object_id": "1", "object_repr": "Darisset Blog with Django", "action_flag": 1, "change_message": "[{\"added\": {}}]"}}, {"model": "admin.logentry", "pk": 53, "fields": {"action_time": "2021-08-22T13:58:40.567Z", "user": 1, "content_type": 11, "object_id": "5", "object_repr": "data analysis", "action_flag": 1, "change_message": "[{\"added\": {}}]"}}, {"model": "admin.logentry", "pk": 54, "fields": {"action_time": "2021-08-22T14:00:11.933Z", "user": 1, "content_type": 13, "object_id": "2", "object_repr": "Analysis Covid19 Python", "action_flag": 1, "change_message": "[{\"added\": {}}]"}}, {"model": "admin.logentry", "pk": 55, "fields": {"action_time": "2021-08-22T14:02:28.998Z", "user": 1, "content_type": 13, "object_id": "3", "object_repr": "Google Place Tranc API", "action_flag": 1, "change_message": "[{\"added\": {}}]"}}, {"model": "admin.logentry", "pk": 56, "fields": {"action_time": "2021-08-22T14:05:08.497Z", "user": 1, "content_type": 13, "object_id": "4", "object_repr": "Real Time Chat App", "action_flag": 1, "change_message": "[{\"added\": {}}]"}}, {"model": "admin.logentry", "pk": 57, "fields": {"action_time": "2021-08-22T14:06:24.471Z", "user": 1, "content_type": 13, "object_id": "5", "object_repr": "DANI Construction", "action_flag": 1, "change_message": "[{\"added\": {}}]"}}, {"model": "admin.logentry", "pk": 58, "fields": {"action_time": "2021-08-22T14:06:46.703Z", "user": 1, "content_type": 13, "object_id": "4", "object_repr": "Real Time Chat App", "action_flag": 2, "change_message": "[{\"changed\": {\"fields\": [\"Date published\"]}}]"}}, {"model": "admin.logentry", "pk": 59, "fields": {"action_time": "2021-08-22T14:06:53.594Z", "user": 1, "content_type": 13, "object_id": "3", "object_repr": "Google Place Tranc API", "action_flag": 2, "change_message": "[{\"changed\": {\"fields\": [\"Date published\"]}}]"}}, {"model": "admin.logentry", "pk": 60, "fields": {"action_time": "2021-08-22T14:07:01.750Z", "user": 1, "content_type": 13, "object_id": "2", "object_repr": "Analysis Covid19 Python", "action_flag": 2, "change_message": "[{\"changed\": {\"fields\": [\"Date published\"]}}]"}}, {"model": "admin.logentry", "pk": 61, "fields": {"action_time": "2021-08-22T14:07:06.052Z", "user": 1, "content_type": 13, "object_id": "1", "object_repr": "Darisset Blog with Django", "action_flag": 2, "change_message": "[]"}}, {"model": "admin.logentry", "pk": 62, "fields": {"action_time": "2021-08-22T14:08:14.784Z", "user": 1, "content_type": 13, "object_id": "2", "object_repr": "Analysis Covid19 Python", "action_flag": 2, "change_message": "[{\"changed\": {\"fields\": [\"Image\"]}}]"}}, {"model": "admin.logentry", "pk": 63, "fields": {"action_time": "2021-08-22T14:09:36.260Z", "user": 1, "content_type": 15, "object_id": "1", "object_repr": "Python & Javascript", "action_flag": 1, "change_message": "[{\"added\": {}}]"}}, {"model": "admin.logentry", "pk": 64, "fields": {"action_time": "2021-08-22T14:09:52.989Z", "user": 1, "content_type": 15, "object_id": "2", "object_repr": "Django & Flutter", "action_flag": 1, "change_message": "[{\"added\": {}}]"}}, {"model": "admin.logentry", "pk": 65, "fields": {"action_time": "2021-08-22T14:10:40.563Z", "user": 1, "content_type": 15, "object_id": "3", "object_repr": "HTML & CSS", "action_flag": 1, "change_message": "[{\"added\": {}}]"}}, {"model": "admin.logentry", "pk": 66, "fields": {"action_time": "2021-08-22T14:11:12.991Z", "user": 1, "content_type": 15, "object_id": "4", "object_repr": "Branding & SEO", "action_flag": 1, "change_message": "[{\"added\": {}}]"}}, {"model": "admin.logentry", "pk": 67, "fields": {"action_time": "2021-08-22T14:13:21.735Z", "user": 1, "content_type": 16, "object_id": "1", "object_repr": "Development", "action_flag": 1, "change_message": "[{\"added\": {}}]"}}, {"model": "admin.logentry", "pk": 68, "fields": {"action_time": "2021-08-22T14:14:31.074Z", "user": 1, "content_type": 16, "object_id": "2", "object_repr": "Design", "action_flag": 1, "change_message": "[{\"added\": {}}]"}}, {"model": "admin.logentry", "pk": 69, "fields": {"action_time": "2021-08-22T14:18:43.799Z", "user": 1, "content_type": 16, "object_id": "3", "object_repr": "Advertising", "action_flag": 1, "change_message": "[{\"added\": {}}]"}}, {"model": "admin.logentry", "pk": 70, "fields": {"action_time": "2021-08-22T14:19:57.717Z", "user": 1, "content_type": 16, "object_id": "4", "object_repr": "SEO", "action_flag": 1, "change_message": "[{\"added\": {}}]"}}, {"model": "admin.logentry", "pk": 71, "fields": {"action_time": "2021-08-22T14:21:10.585Z", "user": 1, "content_type": 16, "object_id": "5", "object_repr": "Copy Write", "action_flag": 1, "change_message": "[{\"added\": {}}]"}}, {"model": "admin.logentry", "pk": 72, "fields": {"action_time": "2021-08-22T14:22:23.243Z", "user": 1, "content_type": 16, "object_id": "6", "object_repr": "Support", "action_flag": 1, "change_message": "[{\"added\": {}}]"}}, {"model": "admin.logentry", "pk": 73, "fields": {"action_time": "2021-08-22T14:26:19.779Z", "user": 1, "content_type": 17, "object_id": "1", "object_repr": "Islamic boarding school students at MGS", "action_flag": 1, "change_message": "[{\"added\": {}}]"}}, {"model": "admin.logentry", "pk": 74, "fields": {"action_time": "2021-08-22T14:30:41.496Z", "user": 1, "content_type": 17, "object_id": "2", "object_repr": "Automotive & Computer Science Vocational High School", "action_flag": 1, "change_message": "[{\"added\": {}}]"}}, {"model": "admin.logentry", "pk": 75, "fields": {"action_time": "2021-08-22T14:32:31.414Z", "user": 1, "content_type": 17, "object_id": "3", "object_repr": "Dian Nuswantoro University Computer Science Student", "action_flag": 1, "change_message": "[{\"added\": {}}]"}}, {"model": "admin.logentry", "pk": 76, "fields": {"action_time": "2021-08-22T14:43:58.089Z", "user": 1, "content_type": 13, "object_id": "1", "object_repr": "Darisset Blog with Django", "action_flag": 2, "change_message": "[{\"changed\": {\"fields\": [\"Date published\"]}}]"}}, {"model": "admin.logentry", "pk": 77, "fields": {"action_time": "2021-08-22T16:48:01.939Z", "user": 1, "content_type": 12, "object_id": "8", "object_repr": "Haris Setiawan", "action_flag": 2, "change_message": "[{\"changed\": {\"fields\": [\"Is read\"]}}]"}}, {"model": "admin.logentry", "pk": 78, "fields": {"action_time": "2021-08-23T12:34:22.568Z", "user": 1, "content_type": 27, "object_id": "1", "object_repr": "myblog", "action_flag": 1, "change_message": "[{\"added\": {}}]"}}, {"model": "admin.logentry", "pk": 79, "fields": {"action_time": "2021-08-23T12:35:33.689Z", "user": 1, "content_type": 26, "object_id": "1", "object_repr": "First Newsletter in myblog", "action_flag": 1, "change_message": "[{\"added\": {}}, {\"added\": {\"name\": \"article\", \"object\": \"First Newsletter Example\"}}]"}}, {"model": "admin.logentry", "pk": 80, "fields": {"action_time": "2021-08-23T12:38:43.904Z", "user": 1, "content_type": 29, "object_id": "1", "object_repr": "Danang Haris Setiawan <mr.danangharissetiawan@gmail.com> to myblog", "action_flag": 3, "change_message": ""}}, {"model": "admin.logentry", "pk": 81, "fields": {"action_time": "2021-08-23T12:42:08.450Z", "user": 1, "content_type": 27, "object_id": "1", "object_repr": "myblog", "action_flag": 2, "change_message": "[]"}}, {"model": "admin.logentry", "pk": 82, "fields": {"action_time": "2021-08-23T12:59:38.571Z", "user": 1, "content_type": 28, "object_id": "1", "object_repr": "First Newsletter in myblog on 2021-08-23 19:59:30+07:00", "action_flag": 1, "change_message": "[{\"added\": {}}]"}}, {"model": "admin.logentry", "pk": 83, "fields": {"action_time": "2021-08-23T13:12:03.563Z", "user": 1, "content_type": 7, "object_id": "1", "object_repr": "localhost:8000", "action_flag": 2, "change_message": "[{\"changed\": {\"fields\": [\"Domain name\", \"Display name\"]}}]"}}, {"model": "admin.logentry", "pk": 84, "fields": {"action_time": "2021-08-23T16:41:44.860Z", "user": 1, "content_type": 13, "object_id": "1", "object_repr": "Darisset Blog with Django", "action_flag": 2, "change_message": "[{\"changed\": {\"fields\": [\"Content\", \"Content [en]\", \"Content [ind]\"]}}]"}}, {"model": "admin.logentry", "pk": 85, "fields": {"action_time": "2021-08-23T16:41:56.858Z", "user": 1, "content_type": 13, "object_id": "1", "object_repr": "Darisset Blog with Django", "action_flag": 2, "change_message": "[{\"changed\": {\"fields\": [\"Date published\"]}}]"}}, {"model": "admin.logentry", "pk": 86, "fields": {"action_time": "2021-08-23T16:54:01.735Z", "user": 1, "content_type": 4, "object_id": "9", "object_repr": "111202013179@mhs.dinus.ac.id", "action_flag": 3, "change_message": ""}}, {"model": "auth.permission", "pk": 1, "fields": {"name": "Can add log entry", "content_type": 1, "codename": "add_logentry"}}, {"model": "auth.permission", "pk": 2, "fields": {"name": "Can change log entry", "content_type": 1, "codename": "change_logentry"}}, {"model": "auth.permission", "pk": 3, "fields": {"name": "Can delete log entry", "content_type": 1, "codename": "delete_logentry"}}, {"model": "auth.permission", "pk": 4, "fields": {"name": "Can view log entry", "content_type": 1, "codename": "view_logentry"}}, {"model": "auth.permission", "pk": 5, "fields": {"name": "Can add permission", "content_type": 2, "codename": "add_permission"}}, {"model": "auth.permission", "pk": 6, "fields": {"name": "Can change permission", "content_type": 2, "codename": "change_permission"}}, {"model": "auth.permission", "pk": 7, "fields": {"name": "Can delete permission", "content_type": 2, "codename": "delete_permission"}}, {"model": "auth.permission", "pk": 8, "fields": {"name": "Can view permission", "content_type": 2, "codename": "view_permission"}}, {"model": "auth.permission", "pk": 9, "fields": {"name": "Can add group", "content_type": 3, "codename": "add_group"}}, {"model": "auth.permission", "pk": 10, "fields": {"name": "Can change group", "content_type": 3, "codename": "change_group"}}, {"model": "auth.permission", "pk": 11, "fields": {"name": "Can delete group", "content_type": 3, "codename": "delete_group"}}, {"model": "auth.permission", "pk": 12, "fields": {"name": "Can view group", "content_type": 3, "codename": "view_group"}}, {"model": "auth.permission", "pk": 13, "fields": {"name": "Can add user", "content_type": 4, "codename": "add_user"}}, {"model": "auth.permission", "pk": 14, "fields": {"name": "Can change user", "content_type": 4, "codename": "change_user"}}, {"model": "auth.permission", "pk": 15, "fields": {"name": "Can delete user", "content_type": 4, "codename": "delete_user"}}, {"model": "auth.permission", "pk": 16, "fields": {"name": "Can view user", "content_type": 4, "codename": "view_user"}}, {"model": "auth.permission", "pk": 17, "fields": {"name": "Can add content type", "content_type": 5, "codename": "add_contenttype"}}, {"model": "auth.permission", "pk": 18, "fields": {"name": "Can change content type", "content_type": 5, "codename": "change_contenttype"}}, {"model": "auth.permission", "pk": 19, "fields": {"name": "Can delete content type", "content_type": 5, "codename": "delete_contenttype"}}, {"model": "auth.permission", "pk": 20, "fields": {"name": "Can view content type", "content_type": 5, "codename": "view_contenttype"}}, {"model": "auth.permission", "pk": 21, "fields": {"name": "Can add session", "content_type": 6, "codename": "add_session"}}, {"model": "auth.permission", "pk": 22, "fields": {"name": "Can change session", "content_type": 6, "codename": "change_session"}}, {"model": "auth.permission", "pk": 23, "fields": {"name": "Can delete session", "content_type": 6, "codename": "delete_session"}}, {"model": "auth.permission", "pk": 24, "fields": {"name": "Can view session", "content_type": 6, "codename": "view_session"}}, {"model": "auth.permission", "pk": 25, "fields": {"name": "Can add site", "content_type": 7, "codename": "add_site"}}, {"model": "auth.permission", "pk": 26, "fields": {"name": "Can change site", "content_type": 7, "codename": "change_site"}}, {"model": "auth.permission", "pk": 27, "fields": {"name": "Can delete site", "content_type": 7, "codename": "delete_site"}}, {"model": "auth.permission", "pk": 28, "fields": {"name": "Can view site", "content_type": 7, "codename": "view_site"}}, {"model": "auth.permission", "pk": 29, "fields": {"name": "Can add category", "content_type": 8, "codename": "add_category"}}, {"model": "auth.permission", "pk": 30, "fields": {"name": "Can change category", "content_type": 8, "codename": "change_category"}}, {"model": "auth.permission", "pk": 31, "fields": {"name": "Can delete category", "content_type": 8, "codename": "delete_category"}}, {"model": "auth.permission", "pk": 32, "fields": {"name": "Can view category", "content_type": 8, "codename": "view_category"}}, {"model": "auth.permission", "pk": 33, "fields": {"name": "Can add post", "content_type": 9, "codename": "add_post"}}, {"model": "auth.permission", "pk": 34, "fields": {"name": "Can change post", "content_type": 9, "codename": "change_post"}}, {"model": "auth.permission", "pk": 35, "fields": {"name": "Can delete post", "content_type": 9, "codename": "delete_post"}}, {"model": "auth.permission", "pk": 36, "fields": {"name": "Can view post", "content_type": 9, "codename": "view_post"}}, {"model": "auth.permission", "pk": 37, "fields": {"name": "Can add comment", "content_type": 10, "codename": "add_comment"}}, {"model": "auth.permission", "pk": 38, "fields": {"name": "Can change comment", "content_type": 10, "codename": "change_comment"}}, {"model": "auth.permission", "pk": 39, "fields": {"name": "Can delete comment", "content_type": 10, "codename": "delete_comment"}}, {"model": "auth.permission", "pk": 40, "fields": {"name": "Can view comment", "content_type": 10, "codename": "view_comment"}}, {"model": "auth.permission", "pk": 41, "fields": {"name": "Can add category portfolio", "content_type": 11, "codename": "add_categoryportfolio"}}, {"model": "auth.permission", "pk": 42, "fields": {"name": "Can change category portfolio", "content_type": 11, "codename": "change_categoryportfolio"}}, {"model": "auth.permission", "pk": 43, "fields": {"name": "Can delete category portfolio", "content_type": 11, "codename": "delete_categoryportfolio"}}, {"model": "auth.permission", "pk": 44, "fields": {"name": "Can view category portfolio", "content_type": 11, "codename": "view_categoryportfolio"}}, {"model": "auth.permission", "pk": 45, "fields": {"name": "Can add message", "content_type": 12, "codename": "add_message"}}, {"model": "auth.permission", "pk": 46, "fields": {"name": "Can change message", "content_type": 12, "codename": "change_message"}}, {"model": "auth.permission", "pk": 47, "fields": {"name": "Can delete message", "content_type": 12, "codename": "delete_message"}}, {"model": "auth.permission", "pk": 48, "fields": {"name": "Can view message", "content_type": 12, "codename": "view_message"}}, {"model": "auth.permission", "pk": 49, "fields": {"name": "Can add portfolio", "content_type": 13, "codename": "add_portfolio"}}, {"model": "auth.permission", "pk": 50, "fields": {"name": "Can change portfolio", "content_type": 13, "codename": "change_portfolio"}}, {"model": "auth.permission", "pk": 51, "fields": {"name": "Can delete portfolio", "content_type": 13, "codename": "delete_portfolio"}}, {"model": "auth.permission", "pk": 52, "fields": {"name": "Can view portfolio", "content_type": 13, "codename": "view_portfolio"}}, {"model": "auth.permission", "pk": 53, "fields": {"name": "Can add testimonial", "content_type": 14, "codename": "add_testimonial"}}, {"model": "auth.permission", "pk": 54, "fields": {"name": "Can change testimonial", "content_type": 14, "codename": "change_testimonial"}}, {"model": "auth.permission", "pk": 55, "fields": {"name": "Can delete testimonial", "content_type": 14, "codename": "delete_testimonial"}}, {"model": "auth.permission", "pk": 56, "fields": {"name": "Can view testimonial", "content_type": 14, "codename": "view_testimonial"}}, {"model": "auth.permission", "pk": 57, "fields": {"name": "Can add skill", "content_type": 15, "codename": "add_skill"}}, {"model": "auth.permission", "pk": 58, "fields": {"name": "Can change skill", "content_type": 15, "codename": "change_skill"}}, {"model": "auth.permission", "pk": 59, "fields": {"name": "Can delete skill", "content_type": 15, "codename": "delete_skill"}}, {"model": "auth.permission", "pk": 60, "fields": {"name": "Can view skill", "content_type": 15, "codename": "view_skill"}}, {"model": "auth.permission", "pk": 61, "fields": {"name": "Can add service", "content_type": 16, "codename": "add_service"}}, {"model": "auth.permission", "pk": 62, "fields": {"name": "Can change service", "content_type": 16, "codename": "change_service"}}, {"model": "auth.permission", "pk": 63, "fields": {"name": "Can delete service", "content_type": 16, "codename": "delete_service"}}, {"model": "auth.permission", "pk": 64, "fields": {"name": "Can view service", "content_type": 16, "codename": "view_service"}}, {"model": "auth.permission", "pk": 65, "fields": {"name": "Can add experience", "content_type": 17, "codename": "add_experience"}}, {"model": "auth.permission", "pk": 66, "fields": {"name": "Can change experience", "content_type": 17, "codename": "change_experience"}}, {"model": "auth.permission", "pk": 67, "fields": {"name": "Can delete experience", "content_type": 17, "codename": "delete_experience"}}, {"model": "auth.permission", "pk": 68, "fields": {"name": "Can view experience", "content_type": 17, "codename": "view_experience"}}, {"model": "auth.permission", "pk": 69, "fields": {"name": "Can add client", "content_type": 18, "codename": "add_client"}}, {"model": "auth.permission", "pk": 70, "fields": {"name": "Can change client", "content_type": 18, "codename": "change_client"}}, {"model": "auth.permission", "pk": 71, "fields": {"name": "Can delete client", "content_type": 18, "codename": "delete_client"}}, {"model": "auth.permission", "pk": 72, "fields": {"name": "Can view client", "content_type": 18, "codename": "view_client"}}, {"model": "auth.permission", "pk": 73, "fields": {"name": "Can add about me", "content_type": 19, "codename": "add_aboutme"}}, {"model": "auth.permission", "pk": 74, "fields": {"name": "Can change about me", "content_type": 19, "codename": "change_aboutme"}}, {"model": "auth.permission", "pk": 75, "fields": {"name": "Can delete about me", "content_type": 19, "codename": "delete_aboutme"}}, {"model": "auth.permission", "pk": 76, "fields": {"name": "Can view about me", "content_type": 19, "codename": "view_aboutme"}}, {"model": "auth.permission", "pk": 77, "fields": {"name": "Can add kv store", "content_type": 20, "codename": "add_kvstore"}}, {"model": "auth.permission", "pk": 78, "fields": {"name": "Can change kv store", "content_type": 20, "codename": "change_kvstore"}}, {"model": "auth.permission", "pk": 79, "fields": {"name": "Can delete kv store", "content_type": 20, "codename": "delete_kvstore"}}, {"model": "auth.permission", "pk": 80, "fields": {"name": "Can view kv store", "content_type": 20, "codename": "view_kvstore"}}, {"model": "auth.permission", "pk": 81, "fields": {"name": "Can add tag", "content_type": 21, "codename": "add_tag"}}, {"model": "auth.permission", "pk": 82, "fields": {"name": "Can change tag", "content_type": 21, "codename": "change_tag"}}, {"model": "auth.permission", "pk": 83, "fields": {"name": "Can delete tag", "content_type": 21, "codename": "delete_tag"}}, {"model": "auth.permission", "pk": 84, "fields": {"name": "Can view tag", "content_type": 21, "codename": "view_tag"}}, {"model": "auth.permission", "pk": 85, "fields": {"name": "Can add tagged item", "content_type": 22, "codename": "add_taggeditem"}}, {"model": "auth.permission", "pk": 86, "fields": {"name": "Can change tagged item", "content_type": 22, "codename": "change_taggeditem"}}, {"model": "auth.permission", "pk": 87, "fields": {"name": "Can delete tagged item", "content_type": 22, "codename": "delete_taggeditem"}}, {"model": "auth.permission", "pk": 88, "fields": {"name": "Can view tagged item", "content_type": 22, "codename": "view_taggeditem"}}, {"model": "auth.permission", "pk": 89, "fields": {"name": "Can add login attempt", "content_type": 23, "codename": "add_loginattempt"}}, {"model": "auth.permission", "pk": 90, "fields": {"name": "Can change login attempt", "content_type": 23, "codename": "change_loginattempt"}}, {"model": "auth.permission", "pk": 91, "fields": {"name": "Can delete login attempt", "content_type": 23, "codename": "delete_loginattempt"}}, {"model": "auth.permission", "pk": 92, "fields": {"name": "Can view login attempt", "content_type": 23, "codename": "view_loginattempt"}}, {"model": "auth.permission", "pk": 93, "fields": {"name": "Can add profile", "content_type": 24, "codename": "add_profile"}}, {"model": "auth.permission", "pk": 94, "fields": {"name": "Can change profile", "content_type": 24, "codename": "change_profile"}}, {"model": "auth.permission", "pk": 95, "fields": {"name": "Can delete profile", "content_type": 24, "codename": "delete_profile"}}, {"model": "auth.permission", "pk": 96, "fields": {"name": "Can view profile", "content_type": 24, "codename": "view_profile"}}, {"model": "auth.permission", "pk": 97, "fields": {"name": "Can add article", "content_type": 25, "codename": "add_article"}}, {"model": "auth.permission", "pk": 98, "fields": {"name": "Can change article", "content_type": 25, "codename": "change_article"}}, {"model": "auth.permission", "pk": 99, "fields": {"name": "Can delete article", "content_type": 25, "codename": "delete_article"}}, {"model": "auth.permission", "pk": 100, "fields": {"name": "Can view article", "content_type": 25, "codename": "view_article"}}, {"model": "auth.permission", "pk": 101, "fields": {"name": "Can add message", "content_type": 26, "codename": "add_message"}}, {"model": "auth.permission", "pk": 102, "fields": {"name": "Can change message", "content_type": 26, "codename": "change_message"}}, {"model": "auth.permission", "pk": 103, "fields": {"name": "Can delete message", "content_type": 26, "codename": "delete_message"}}, {"model": "auth.permission", "pk": 104, "fields": {"name": "Can view message", "content_type": 26, "codename": "view_message"}}, {"model": "auth.permission", "pk": 105, "fields": {"name": "Can add newsletter", "content_type": 27, "codename": "add_newsletter"}}, {"model": "auth.permission", "pk": 106, "fields": {"name": "Can change newsletter", "content_type": 27, "codename": "change_newsletter"}}, {"model": "auth.permission", "pk": 107, "fields": {"name": "Can delete newsletter", "content_type": 27, "codename": "delete_newsletter"}}, {"model": "auth.permission", "pk": 108, "fields": {"name": "Can view newsletter", "content_type": 27, "codename": "view_newsletter"}}, {"model": "auth.permission", "pk": 109, "fields": {"name": "Can add submission", "content_type": 28, "codename": "add_submission"}}, {"model": "auth.permission", "pk": 110, "fields": {"name": "Can change submission", "content_type": 28, "codename": "change_submission"}}, {"model": "auth.permission", "pk": 111, "fields": {"name": "Can delete submission", "content_type": 28, "codename": "delete_submission"}}, {"model": "auth.permission", "pk": 112, "fields": {"name": "Can view submission", "content_type": 28, "codename": "view_submission"}}, {"model": "auth.permission", "pk": 113, "fields": {"name": "Can add subscription", "content_type": 29, "codename": "add_subscription"}}, {"model": "auth.permission", "pk": 114, "fields": {"name": "Can change subscription", "content_type": 29, "codename": "change_subscription"}}, {"model": "auth.permission", "pk": 115, "fields": {"name": "Can delete subscription", "content_type": 29, "codename": "delete_subscription"}}, {"model": "auth.permission", "pk": 116, "fields": {"name": "Can view subscription", "content_type": 29, "codename": "view_subscription"}}, {"model": "auth.user", "pk": 1, "fields": {"password": "pbkdf2_sha256$260000$xoPY0mVKqHc8KWulAJRam5$qOpW2zqK4PWbugUij3tUwc9l4oAiz0ektxZS3QswJj4=", "last_login": "2021-08-23T16:53:51.438Z", "is_superuser": true, "username": "mr.danangharis@gmail.com", "first_name": "Danang Haris", "last_name": "Setiawan", "email": "mr.danangharis@gmail.com", "is_staff": true, "is_active": true, "date_joined": "2021-08-19T16:25:20Z", "groups": [], "user_permissions": []}}, {"model": "auth.user", "pk": 8, "fields": {"password": "pbkdf2_sha256$260000$xIsv1QtFJ2gjW3gHyCRREC$78oEcp4OJJxhUGPlGGMecdH0z3ez1cKke4ghW8L5T28=", "last_login": "2021-08-23T08:25:54.528Z", "is_superuser": false, "username": "mr.danangharissetiawan@gmail.com", "first_name": "Danang Haris", "last_name": "Setiawan", "email": "mr.danangharissetiawan@gmail.com", "is_staff": false, "is_active": true, "date_joined": "2021-08-20T17:36:41Z", "groups": [], "user_permissions": []}}, {"model": "auth.user", "pk": 10, "fields": {"password": "pbkdf2_sha256$260000$Bb2RKtrEqPt4Pn74gIhp0V$s6Y5OCkFULC/JNIF1tFVlzhDyCgTcjOecjMsiKK/Nf4=", "last_login": "2021-08-23T17:01:45.283Z", "is_superuser": false, "username": "111202013179@mhs.dinus.ac.id", "first_name": "Mahasiswa", "last_name": "UDINUS", "email": "111202013179@mhs.dinus.ac.id", "is_staff": false, "is_active": true, "date_joined": "2021-08-23T16:55:07.287Z", "groups": [], "user_permissions": []}}, {"model": "contenttypes.contenttype", "pk": 1, "fields": {"app_label": "admin", "model": "logentry"}}, {"model": "contenttypes.contenttype", "pk": 2, "fields": {"app_label": "auth", "model": "permission"}}, {"model": "contenttypes.contenttype", "pk": 3, "fields": {"app_label": "auth", "model": "group"}}, {"model": "contenttypes.contenttype", "pk": 4, "fields": {"app_label": "auth", "model": "user"}}, {"model": "contenttypes.contenttype", "pk": 5, "fields": {"app_label": "contenttypes", "model": "contenttype"}}, {"model": "contenttypes.contenttype", "pk": 6, "fields": {"app_label": "sessions", "model": "session"}}, {"model": "contenttypes.contenttype", "pk": 7, "fields": {"app_label": "sites", "model": "site"}}, {"model": "contenttypes.contenttype", "pk": 8, "fields": {"app_label": "blog", "model": "category"}}, {"model": "contenttypes.contenttype", "pk": 9, "fields": {"app_label": "blog", "model": "post"}}, {"model": "contenttypes.contenttype", "pk": 10, "fields": {"app_label": "blog", "model": "comment"}}, {"model": "contenttypes.contenttype", "pk": 11, "fields": {"app_label": "portfolio", "model": "categoryportfolio"}}, {"model": "contenttypes.contenttype", "pk": 12, "fields": {"app_label": "portfolio", "model": "message"}}, {"model": "contenttypes.contenttype", "pk": 13, "fields": {"app_label": "portfolio", "model": "portfolio"}}, {"model": "contenttypes.contenttype", "pk": 14, "fields": {"app_label": "portfolio", "model": "testimonial"}}, {"model": "contenttypes.contenttype", "pk": 15, "fields": {"app_label": "portfolio", "model": "skill"}}, {"model": "contenttypes.contenttype", "pk": 16, "fields": {"app_label": "portfolio", "model": "service"}}, {"model": "contenttypes.contenttype", "pk": 17, "fields": {"app_label": "portfolio", "model": "experience"}}, {"model": "contenttypes.contenttype", "pk": 18, "fields": {"app_label": "portfolio", "model": "client"}}, {"model": "contenttypes.contenttype", "pk": 19, "fields": {"app_label": "portfolio", "model": "aboutme"}}, {"model": "contenttypes.contenttype", "pk": 20, "fields": {"app_label": "thumbnail", "model": "kvstore"}}, {"model": "contenttypes.contenttype", "pk": 21, "fields": {"app_label": "taggit", "model": "tag"}}, {"model": "contenttypes.contenttype", "pk": 22, "fields": {"app_label": "taggit", "model": "taggeditem"}}, {"model": "contenttypes.contenttype", "pk": 23, "fields": {"app_label": "admin_honeypot", "model": "loginattempt"}}, {"model": "contenttypes.contenttype", "pk": 24, "fields": {"app_label": "accounts", "model": "profile"}}, {"model": "contenttypes.contenttype", "pk": 25, "fields": {"app_label": "newsletter", "model": "article"}}, {"model": "contenttypes.contenttype", "pk": 26, "fields": {"app_label": "newsletter", "model": "message"}}, {"model": "contenttypes.contenttype", "pk": 27, "fields": {"app_label": "newsletter", "model": "newsletter"}}, {"model": "contenttypes.contenttype", "pk": 28, "fields": {"app_label": "newsletter", "model": "submission"}}, {"model": "contenttypes.contenttype", "pk": 29, "fields": {"app_label": "newsletter", "model": "subscription"}}, {"model": "sessions.session", "pk": "0en6n7a6iyp59u6lrknyhl0wxx8989hp", "fields": {"session_data": ".eJyNjEtOxDAQBa-CvCaRx_gTsmTPGaxud5sYgh3ZDjBC3J2JmM3s2FbVe9_CN24tlez5a0v1LGZ5LzzsffF74-oTiVlM4oYhhDfOh6BXyC9lDCX3mnA8kvFq2_hciNena3tzsEBbLmtjNcGDU5LYuTgpCxqCQo2TVoEs2mgkSGR2JjqNMRBZxeaExsVHlMfpR-JPJg-1p7Dy3XbuS8nDxu_7CsN2wYMSc687_yc9_aU_vwSRX88:1mHMIt:uG9EfAlY6sxqVOb1W54e5Y_E8bjrnuqpDzhPAFmoEbQ", "expire_date": "2021-09-04T08:24:35.309Z"}}, {"model": "sessions.session", "pk": "14h3h0vnkv668e1z32am6ohbudy7jyv0", "fields": {"session_data": "eyJ2aWV3ZWRfYXJ0aWNsZSBkamFuZ28tc2VsZW5pdW0iOnRydWV9:1mHgGX:gxU6KYa7zaZG4UKi5LDGBR2xzPbzn-4mf0-auOt5uEE", "expire_date": "2021-09-05T05:43:29.638Z"}}, {"model": "sessions.session", "pk": "2lka3rf2z47ki5swzmjgpcqnocx2r8ak", "fields": {"session_data": "eyJ2aWV3ZWRfYXJ0aWNsZSBkamFuZ28tc2VsZW5pdW0iOnRydWV9:1mHgHH:ROggKHd8RgwRRBa72lMaV5l_9jcGaMXOWUAC9pQcn1c", "expire_date": "2021-09-05T05:44:15.208Z"}}, {"model": "sessions.session", "pk": "4jd7plp521drqwneyrkzhjz2oyxnr66f", "fields": {"session_data": ".eJx1y8EJgDAMBdBVpGezgMtISD8aMa3EaBFxdw-evb93p1PRkEf2UFnR5YXLVAlSzeACahoz1V3Y0xB-oP8Z-SpsKhSwbeXAp58XEykk-w:1mIRrY:wNNFCtBTnlAkpdhWabfxtUcj7gF_1mrKeye3OouhZ8Y", "expire_date": "2021-09-07T08:32:52.263Z"}}, {"model": "sessions.session", "pk": "6llie7oi8yg9l3tt2t5wdhwxucib448r", "fields": {"session_data": ".eJxVjkEOwiAURK9iWCuhlEDp0r1nIPD_16KVJlB0Yby7bexCt_NmXubFnK_z4Gqh7CKynjVs_5sFDzdKK8CrT5eJw5TmHANfK3yjhZ8mpPG4df8Egy_Dsm4BvZENKBBAVjcdBDJKCG-FRaklaeo6qQ0q03pBFFpBWp2lDMZiEGKRPiI9CZ3Pc4SRdt8_h0IjpVjvrJ9zpfcHO11GFw:1mHgEz:6P_ozRTX42d26hmeMX8wq3MiUt55AN7taEYgtw16F_U", "expire_date": "2021-09-05T05:41:53.870Z"}}, {"model": "sessions.session", "pk": "7gcqc4iwoed4wxu3gs6fv974tqiyylqp", "fields": {"session_data": ".eJyrVirLTC1PTYlPLCrJTM5JVUjJSsxLz9dNTc7PzU0tSk7VLc8sydDNL05OLFKyKikqTdXBoaM4NSc1L7M0F6KqFgD2oiHv:1mITAu:RE0WhZunAbUtPyjEGCGl1ja8j3Ia-KfJQnqWtNezA90", "expire_date": "2021-09-07T09:56:56.196Z"}}, {"model": "sessions.session", "pk": "95s3hqlrncmbejfbuvztarukytx9eci1", "fields": {"session_data": ".eJxVjEEOgjAUBa9iuhZSCmmBpXvPQH5_n1IFmpQiC-PdlciG7Zt58xYvjxWuo5g8Dzi5B033kIHDOCIystWnPgszUxRtigvOoqMl9d0yI3beiVYU4rBZ4iemDfxbOYcpRW_zTcl3OufX4DBcdvcQ6Gnuf--SHRlVcMWS0eiiZgtTSUmNbJzSChp1rbRxlSlJAraU0NVNKWsaZ6UUny9hkEqT:1mI98y:7vud_tJDsYh6AfjAsjKPsU4bnsNeYLl5x0nc9PPyCIk", "expire_date": "2021-09-06T12:33:36.576Z"}}, {"model": "sessions.session", "pk": "a7fckc0h74a5wq1xu3dpn7ub3rjs3pqj", "fields": {"session_data": ".eJxVjDsOwjAQBe_iGlkb2_KHkp4zROvdBQeQLcVJFXF3iJQC2jczb1MjrksZ1y7zOLE6q0GdfreM9JS6A35gvTdNrS7zlPWu6IN2fW0sr8vh_h0U7OVbW2IMZiBHQJL8EClLcACYILHxRrzEaHxgFyyCSLYg3t2MySFxBlDvD-VDN8Q:1mHKz0:CyHBSGWeESUYrDsKsLxZBi-3DxRyXmAIviQIGLgRutM", "expire_date": "2021-09-04T06:59:58.083Z"}}, {"model": "sessions.session", "pk": "eguk3ytqtbxjfgglw5si1y3ljhdpev1e", "fields": {"session_data": "eyJ2aWV3ZWRfYXJ0aWNsZSBkamFuZ28tbmlhZ2EtZGVuZ2FuLXBha2V0LW9zY2FyIjp0cnVlfQ:1mIEkH:pDFzP0mhsxwp0oRD8muYjQY6x0d7vnkINJbWFSYSrxg", "expire_date": "2021-09-06T18:32:29.318Z"}}, {"model": "sessions.session", "pk": "eq2dbje6cjedodw9j4g40jsa0h4283ob", "fields": {"session_data": ".eJxtj8tOwzAURH8FeU0i1_gRuuyeb7Cufa-JS2pHsQ2tEP9OIsoiiO2ZmSPNJ3uP9EFoYanRT_SAZ0ivuYMzXGO4sWNdGj0yW6iUmJOl6xyXFfOVQaujbYUWG5Ed2cB2zIF_o7QFP8re51SX6Pqt0t_T0r9kpOl07-4EI5RxXSstEZ6M4EjGhEFokOCFk26QwqN2OigO3BEZFYx0wSNqQerglAnPjm_SPxfnWx1z6ma6tAm6ecXd4ffo_9XQEsKFUoWp7AZf37SYcCk:1mHWG0:Y3W5A2TFoErRVpczHhw4qBWv0XRynKWzQN-VKfTSBcU", "expire_date": "2021-09-04T19:02:16.639Z"}}, {"model": "sessions.session", "pk": "f28uk1uf78ep9ij4h6rz5pcedjw21siw", "fields": {"session_data": ".eJxVjDsOwjAQBe_iGlkb2_KHkp4zROvdBQeQLcVJFXF3iJQC2jczb1MjrksZ1y7zOLE6q0GdfreM9JS6A35gvTdNrS7zlPWu6IN2fW0sr8vh_h0U7OVbW2IMZiBHQJL8EClLcACYILHxRrzEaHxgFyyCSLYg3t2MySFxBlDvD-VDN8Q:1mGl60:XrLT4NmaON8OGuizSf2aiDAwtt7JlWhsdt5sxzTt4eU", "expire_date": "2021-09-02T16:40:48.844Z"}}, {"model": "sessions.session", "pk": "ga6g4fr29mnuxwe5garsykng3124an7h", "fields": {"session_data": ".eJx9y8EJgDAMBdBVpGezgMtISD8asa200SLi7iLiUe_vHW5TVPies6nMaPzEcUgESSEgC6iqjZSKcHad5RXtx_B75KBChrDMbPjXryKvdyuPPi9HBjZa:1mI2ub:IVWD8bqXihzoDiqWBK9Q6FC8FsH8pAGAgRxVza6LIYk", "expire_date": "2021-09-06T05:54:21.536Z"}}, {"model": "sessions.session", "pk": "gv0utht06ppdl20cce7rvlb0mo4az8k7", "fields": {"session_data": ".eJx9jM1SwyAURl_FYS2ZiPzELLv3GZgL95JgE-gAaes4vrvt2E0Wuv2-c84XO0e6EFooLfqFnvAD0pR5ijABR0oTJH6CIzWeq4fCxlY2ev7DqrRQitv6P0U-rysVT_wS27zv2kq1xpwsXU-xfLKxv22wtdlulYqNyEY2sN3mwB8p3Y_ffudzaiW67o50j7d27xlpOTzYXWCGOt9spSXCqxE9kjFhEBokeOGkG6TwqJ0OqofeERkVjHTBI2pB6sUpE95cj-z7B8YadTY:1mHsF7:1N0EMyASgjD3cFD4-fSZbA8bLuigDMkaSGpnEi77b6g", "expire_date": "2021-09-05T18:30:49.501Z"}}, {"model": "sessions.session", "pk": "hmrcuy7mzkoy19arxe3hjvycu22eys94", "fields": {"session_data": ".eJxVjDsOwjAQBe_iGlkb2_KHkp4zROvdBQeQLcVJFXF3iJQC2jczb1MjrksZ1y7zOLE6q0GdfreM9JS6A35gvTdNrS7zlPWu6IN2fW0sr8vh_h0U7OVbW2IMZiBHQJL8EClLcACYILHxRrzEaHxgFyyCSLYg3t2MySFxBlDvD-VDN8Q:1mH5Uj:O07-Lxytpe40h7b0FhqA4QMYvEmfwaUnvjC8iHx8XKk", "expire_date": "2021-09-03T14:27:41.276Z"}}, {"model": "sessions.session", "pk": "idhvfsvqht3s8710valy2mbwnnskijj7", "fields": {"session_data": ".eJyNzsFuwjAQBNBfqXKuozTGDuHIvd8QrdeTxBDbyHEKqOq_F1QO9NCo1503o_0sOlry2C0zUudssSva4vX5ZoiPCPfAHigMseQYcnKmvJPykc7le7SY9g_7a2Ckeby168aCjW64brWE1IZ6Y9ADJEnrSmLTtuqtqnXVyl7zVrFpaiipVK2ssdvb6IfDGbajlB1PePn5R4Cj90gMcXZ5FHFmSsUupwV_NWZMCG7x6yo4GkhYhIGCONER-T_bdKCL66_ryF4Decciw58myljXJroJ6Ql-fQNY8Zw3:1mHg2R:myNX3eEQFCGPH6yTxLyUb2-qGQW_jVZcnwpNs7w7jE0", "expire_date": "2021-09-05T05:28:55.558Z"}}, {"model": "sessions.session", "pk": "jsjiythmf9h07asll6jzaq2gxjugxzd1", "fields": {"session_data": "eyJ2aWV3ZWRfYXJ0aWNsZSBkamFuZ28tZWNvbW1lcmNlLXdpdGgtb3NjYXIiOnRydWV9:1mI9ov:YZz4Be3IV2IuVX-iG2rL3-FeZmGDtJsy73lFdlQzbJU", "expire_date": "2021-09-06T13:16:57.899Z"}}, {"model": "sessions.session", "pk": "l3rbr6juz2fd6p5pvktawn6924xgpja9", "fields": {"session_data": ".eJx9jsFuwyAQRH-l4lwsHEzt-Nh7vwEtu2ubxoYIcNMoyr_HUXNoDu115r3RXITNnLOPwfL30aez6NWrsLCWya6Zk_UkelEr8RQ6wAOHe0OfEMZYYQwleVfdkerR5uojEs_vD_ZpYII8bbYjHLTaeF13Su0YnVZNYww5NOiawe13-wFbMKYl3WjVvem67RQhOxxq4m30y_OJyUIqHmd--fkjM88c_LqIvqSV_6IY47JwQpYnXyYZM0L63wgeRpDEYYQgj3Dg8tu63gCssHVI:1mIEjI:esG7rznwPNOo44U2gklNqrvrgHZeEQaAmbFIC5k05L4", "expire_date": "2021-09-06T18:31:28.706Z"}}, {"model": "sessions.session", "pk": "lqkmhx2b4finr60vodv17tcremlvt62s", "fields": {"session_data": "eyJ2aWV3ZWRfYXJ0aWNsZSBkamFuZ28tc2VsZW5pdW0iOnRydWV9:1mHgBZ:WSC9ZUU4d2J0bw3gFmN09vXAVdo9pPEWje51bMKMhXQ", "expire_date": "2021-09-05T05:38:21.788Z"}}, {"model": "sessions.session", "pk": "q4vvqca6eqfhta4zh3m323eazamtfvxx", "fields": {"session_data": ".eJxVjDsOwjAQBe_iGlkb2_KHkp4zROvdBQeQLcVJFXF3iJQC2jczb1MjrksZ1y7zOLE6q0GdfreM9JS6A35gvTdNrS7zlPWu6IN2fW0sr8vh_h0U7OVbW2IMZiBHQJL8EClLcACYILHxRrzEaHxgFyyCSLYg3t2MySFxBlDvD-VDN8Q:1mHUi9:IIS_TXGraUAkQn4dSleP4v92LjNoSkJN4r6oahuzkX8", "expire_date": "2021-09-04T17:23:13.108Z"}}, {"model": "sessions.session", "pk": "rvub60x14uaejeoltbc8pnyf76t8wbx2", "fields": {"session_data": ".eJyNzjEOwjAMRuGroM54YeQyyEp-UkPsRIlDhRB3b1eGVuzvk95negkWxBs3l5Bxig-2VKgjw2TodPU2cN6pTDgxRVhio8pPOJUeuB0rhKKKFkCL-PyPcGjN7KAoxip9p65vn8s2Ah2Zt5_mdDlO78MiK8w59x_wXQFON2ms:1mI360:T52qXv2vV5uaAjW9cWPvpU1-RXReh6kC6S-upOyxbWk", "expire_date": "2021-09-06T06:06:08.598Z"}}, {"model": "sessions.session", "pk": "s96c7ieln9xkk0lat73iussee7occc4f", "fields": {"session_data": ".eJyNjMFOhDAURX_FdG0JVqDI0r3f0Lz2XaAOtKQtjhPjvzsTx8UsNG7vOed-iDePI9hQKt4tuONXClOUcHFdkRzk0ZdZxuwoiaGkHfe_FMHTRJIRJgpyowPKfyo-BVq9kwXrtlDB33bGguD39ccyGTn7GAzeN59OYqjPG-1lNntGMp7FIHpxs1lyB4QL-P6sXAwleVtdlOpKc_USGcvz1b05mCnP57rtGqZHrWqG1mOvOmrIKdvYvlGOO9uNbU21BXQ76saOjrlTaB9sq8cnW7P4_AL6AYaV:1mHsUB:CLjuju7agt1xO7tUWCNd0VdZ9CMbVIq0PKoMAKu3bM0", "expire_date": "2021-09-05T18:46:23.718Z"}}, {"model": "sessions.session", "pk": "seucucrrhkxs4uxclnbjlmhme2l02mk2", "fields": {"session_data": ".eJxVjDsOwjAQBe_iGlkb2_KHkp4zROvdBQeQLcVJFXF3iJQC2jczb1MjrksZ1y7zOLE6q0GdfreM9JS6A35gvTdNrS7zlPWu6IN2fW0sr8vh_h0U7OVbW2IMZiBHQJL8EClLcACYILHxRrzEaHxgFyyCSLYg3t2MySFxBlDvD-VDN8Q:1mHncx:VbB4W6n7ByytbvkdYQzZKdS9ew7R1dG1lp5rsxlOw44", "expire_date": "2021-09-05T13:35:07.350Z"}}, {"model": "sessions.session", "pk": "t3rgnymcocq9wgt4ceif9s9ty47vpfyn", "fields": {"session_data": "eyJ2aWV3ZWRfYXJ0aWNsZSBkamFuZ28tZWNvbW1lcmNlLXdpdGgtb3NjYXIiOnRydWV9:1mI2gA:2IXHjIaySl6sKJ3zoKjHIuQ6LAQYiYoa14zysZQArlQ", "expire_date": "2021-09-06T05:39:26.058Z"}}, {"model": "sessions.session", "pk": "ya186jtznmtni7sbedkudzeh89mqgqbq", "fields": {"session_data": ".eJyrVirLTC1PTYlPLCrJTM5JVUjJSsxLz9ctTs1JzcsszVWyKikqTdXBoSo1OT83N7UoOVW3PLMkQze_ODmxCKKjFgD4HiHv:1mIDbL:Pd6tubq2ERQPOUJailyuerdLmGNGGFO_Uqj8h_S2pgw", "expire_date": "2021-09-06T17:19:11.179Z"}}, {"model": "sites.site", "pk": 1, "fields": {"domain": "localhost:8000", "name": "localhost:8000"}}, {"model": "blog.category", "pk": 1, "fields": {"name": "Python", "name_en": "Python", "name_ind": "python", "description": "Lorem ipsum dolor sit amet, consectetur adipiscing elit. In ultricies interdum enim. Nullam suscipit vulputate dui, sed scelerisque massa finibus vel. Aenean tincidunt sapien eu libero placerat porttitor", "description_en": "Lorem ipsum dolor sit amet, consectetur adipiscing elit. In ultricies interdum enim. Nullam suscipit vulputate dui, sed scelerisque massa finibus vel. Aenean tincidunt sapien eu libero placerat porttitor", "description_ind": "Lorem ipsum dolor sit amet, consectetur adipiscing elit. In ultricies interdum enim. Nullam suscipit vulputate dui, sed scelerisque massa finibus vel. Aenean tincidunt sapien eu libero placerat porttitor"}}, {"model": "blog.category", "pk": 2, "fields": {"name": "Django", "name_en": "Django", "name_ind": "django", "description": "Lorem ipsum dolor sit amet, consectetur adipiscing elit. In ultricies interdum enim. Nullam suscipit vulputate dui, sed scelerisque massa finibus vel. Aenean tincidunt sapien eu libero placerat porttitor", "description_en": "Lorem ipsum dolor sit amet, consectetur adipiscing elit. In ultricies interdum enim. Nullam suscipit vulputate dui, sed scelerisque massa finibus vel. Aenean tincidunt sapien eu libero placerat porttitor", "description_ind": "Lorem ipsum dolor sit amet, consectetur adipiscing elit. In ultricies interdum enim. Nullam suscipit vulputate dui, sed scelerisque massa finibus vel. Aenean tincidunt sapien eu libero placerat porttitor"}}, {"model": "blog.post", "pk": 1, "fields": {"title": "Python Fundamentals - Part 1", "title_en": "Python Fundamentals - Part 1", "title_ind": "Python Pemula - Part 1", "slug": "python-pemula-part-1", "category": 1, "image": "posts/08-21-2021/1.png", "image_credit": "python fundamentals part 1", "excerpt": "Lorem ipsum dolor sit amet, consectetur adipiscing elit. In ultricies interdum enim. Nullam suscipit vulputate dui, sed scelerisque massa finibus vel. Aenean tincidunt sapien eu libero placerat porttitor", "excerpt_en": "Lorem ipsum dolor sit amet, consectetur adipiscing elit. In ultricies interdum enim. Nullam suscipit vulputate dui, sed scelerisque massa finibus vel. Aenean tincidunt sapien eu libero placerat porttitor", "excerpt_ind": "Lorem ipsum dolor sit amet, consectetur adipiscing elit. In ultricies interdum enim. Nullam suscipit vulputate dui, sed scelerisque massa finibus vel. Aenean tincidunt sapien eu libero placerat porttitor", "content": "<p>Lorem ipsum dolor sit amet, consectetur adipiscing elit. In ultricies interdum enim. Nullam suscipit vulputate dui, sed scelerisque massa finibus vel. Aenean tincidunt sapien eu libero placerat porttitor. Maecenas dapibus eu metus nec accumsan. Cras condimentum arcu ac condimentum scelerisque. Nulla consequat nisl a pretium interdum. Vestibulum cursus varius hendrerit. Aliquam erat volutpat. Nulla in pulvinar sapien. Nullam at tristique arcu, eu auctor felis. Sed vulputate auctor tincidunt. Nam vehicula, lectus id vestibulum sollicitudin, diam ex consectetur urna, pellentesque vulputate sem mi sit amet lorem. Nam ac nulla eu velit posuere sodales non in purus. Nunc consequat vel ante nec sollicitudin. Fusce a tincidunt risus.</p>\r\n\r\n<p>Nullam ullamcorper, augue quis placerat mollis, tortor sapien imperdiet risus, a tempus orci odio eget risus. Nullam vel erat id risus rutrum volutpat sit amet eu lacus. In convallis faucibus mauris. Morbi efficitur quis risus quis scelerisque. Nullam efficitur tempus neque a tempor. Integer tempor massa vitae lectus scelerisque dapibus. Integer metus augue, tincidunt nec massa quis, posuere consectetur dolor. Aenean lacinia risus eu nisl tempor gravida. Aliquam sollicitudin quam a elit pharetra, id egestas dolor finibus. Curabitur dignissim, metus eget hendrerit porta, purus lectus aliquam diam, at dignissim metus tellus in lorem. Nullam tempor neque sed ornare gravida.</p>\r\n\r\n<p>Vestibulum eget arcu laoreet, tincidunt erat eget, iaculis lorem. Donec vitae gravida enim. Mauris vel malesuada lorem. Nulla facilisi. Nullam euismod massa sed venenatis elementum. Maecenas accumsan, est quis vehicula rhoncus, metus risus auctor arcu, quis imperdiet sem risus nec magna. Nunc id lacus mauris. Sed at consequat risus, id cursus arcu. Lorem ipsum dolor sit amet, consectetur adipiscing elit. Vestibulum laoreet ultrices dolor, vel aliquam odio accumsan non. Nulla quis mattis velit. Cras accumsan tempus ante nec sodales. Vivamus vitae eleifend lorem.</p>\r\n\r\n<p>Proin iaculis blandit nunc sit amet euismod. Donec eu finibus velit. Nullam ac ipsum id sapien accumsan rhoncus. Nullam fringilla in nibh non imperdiet. Mauris laoreet nibh lacus, eleifend lacinia sem aliquet eu. Curabitur mollis sem eget tellus luctus sagittis. Donec bibendum ipsum quis nibh fermentum, eget accumsan odio consectetur. Nam et feugiat mi. Nulla dignissim nibh vel dui congue feugiat.</p>\r\n\r\n<p>Maecenas lacinia venenatis consectetur. In sit amet pulvinar lorem. Quisque in est vel est consequat dictum tincidunt vitae nunc. Pellentesque pellentesque, ex convallis dictum dignissim, est nunc ornare diam, et iaculis arcu purus in felis. Cras molestie eros tortor, et tempor tortor tempor non. Cras non erat diam. Curabitur tempor dolor maximus est efficitur convallis. Morbi congue, felis eget venenatis ultrices, nulla orci eleifend ante, in pulvinar leo sem eget felis. Aliquam pulvinar ex ornare gravida vulputate. Nunc tincidunt neque a pharetra fringilla. Praesent tempor, ex sed iaculis molestie, tellus tellus porttitor nibh, in pretium quam ex quis augue.</p>", "content_en": "<p>Lorem ipsum dolor sit amet, consectetur adipiscing elit. In ultricies interdum enim. Nullam suscipit vulputate dui, sed scelerisque massa finibus vel. Aenean tincidunt sapien eu libero placerat porttitor. Maecenas dapibus eu metus nec accumsan. Cras condimentum arcu ac condimentum scelerisque. Nulla consequat nisl a pretium interdum. Vestibulum cursus varius hendrerit. Aliquam erat volutpat. Nulla in pulvinar sapien. Nullam at tristique arcu, eu auctor felis. Sed vulputate auctor tincidunt. Nam vehicula, lectus id vestibulum sollicitudin, diam ex consectetur urna, pellentesque vulputate sem mi sit amet lorem. Nam ac nulla eu velit posuere sodales non in purus. Nunc consequat vel ante nec sollicitudin. Fusce a tincidunt risus.</p>\r\n\r\n<p>Nullam ullamcorper, augue quis placerat mollis, tortor sapien imperdiet risus, a tempus orci odio eget risus. Nullam vel erat id risus rutrum volutpat sit amet eu lacus. In convallis faucibus mauris. Morbi efficitur quis risus quis scelerisque. Nullam efficitur tempus neque a tempor. Integer tempor massa vitae lectus scelerisque dapibus. Integer metus augue, tincidunt nec massa quis, posuere consectetur dolor. Aenean lacinia risus eu nisl tempor gravida. Aliquam sollicitudin quam a elit pharetra, id egestas dolor finibus. Curabitur dignissim, metus eget hendrerit porta, purus lectus aliquam diam, at dignissim metus tellus in lorem. Nullam tempor neque sed ornare gravida.</p>\r\n\r\n<p>Vestibulum eget arcu laoreet, tincidunt erat eget, iaculis lorem. Donec vitae gravida enim. Mauris vel malesuada lorem. Nulla facilisi. Nullam euismod massa sed venenatis elementum. Maecenas accumsan, est quis vehicula rhoncus, metus risus auctor arcu, quis imperdiet sem risus nec magna. Nunc id lacus mauris. Sed at consequat risus, id cursus arcu. Lorem ipsum dolor sit amet, consectetur adipiscing elit. Vestibulum laoreet ultrices dolor, vel aliquam odio accumsan non. Nulla quis mattis velit. Cras accumsan tempus ante nec sodales. Vivamus vitae eleifend lorem.</p>\r\n\r\n<p>Proin iaculis blandit nunc sit amet euismod. Donec eu finibus velit. Nullam ac ipsum id sapien accumsan rhoncus. Nullam fringilla in nibh non imperdiet. Mauris laoreet nibh lacus, eleifend lacinia sem aliquet eu. Curabitur mollis sem eget tellus luctus sagittis. Donec bibendum ipsum quis nibh fermentum, eget accumsan odio consectetur. Nam et feugiat mi. Nulla dignissim nibh vel dui congue feugiat.</p>\r\n\r\n<p>Maecenas lacinia venenatis consectetur. In sit amet pulvinar lorem. Quisque in est vel est consequat dictum tincidunt vitae nunc. Pellentesque pellentesque, ex convallis dictum dignissim, est nunc ornare diam, et iaculis arcu purus in felis. Cras molestie eros tortor, et tempor tortor tempor non. Cras non erat diam. Curabitur tempor dolor maximus est efficitur convallis. Morbi congue, felis eget venenatis ultrices, nulla orci eleifend ante, in pulvinar leo sem eget felis. Aliquam pulvinar ex ornare gravida vulputate. Nunc tincidunt neque a pharetra fringilla. Praesent tempor, ex sed iaculis molestie, tellus tellus porttitor nibh, in pretium quam ex quis augue.</p>", "content_ind": "<p>Lorem ipsum dolor sit amet, consectetur adipiscing elit. In ultricies interdum enim. Nullam suscipit vulputate dui, sed scelerisque massa finibus vel. Aenean tincidunt sapien eu libero placerat porttitor. Maecenas dapibus eu metus nec accumsan. Cras condimentum arcu ac condimentum scelerisque. Nulla consequat nisl a pretium interdum. Vestibulum cursus varius hendrerit. Aliquam erat volutpat. Nulla in pulvinar sapien. Nullam at tristique arcu, eu auctor felis. Sed vulputate auctor tincidunt. Nam vehicula, lectus id vestibulum sollicitudin, diam ex consectetur urna, pellentesque vulputate sem mi sit amet lorem. Nam ac nulla eu velit posuere sodales non in purus. Nunc consequat vel ante nec sollicitudin. Fusce a tincidunt risus.</p>\r\n\r\n<p>Nullam ullamcorper, augue quis placerat mollis, tortor sapien imperdiet risus, a tempus orci odio eget risus. Nullam vel erat id risus rutrum volutpat sit amet eu lacus. In convallis faucibus mauris. Morbi efficitur quis risus quis scelerisque. Nullam efficitur tempus neque a tempor. Integer tempor massa vitae lectus scelerisque dapibus. Integer metus augue, tincidunt nec massa quis, posuere consectetur dolor. Aenean lacinia risus eu nisl tempor gravida. Aliquam sollicitudin quam a elit pharetra, id egestas dolor finibus. Curabitur dignissim, metus eget hendrerit porta, purus lectus aliquam diam, at dignissim metus tellus in lorem. Nullam tempor neque sed ornare gravida.</p>\r\n\r\n<p>Vestibulum eget arcu laoreet, tincidunt erat eget, iaculis lorem. Donec vitae gravida enim. Mauris vel malesuada lorem. Nulla facilisi. Nullam euismod massa sed venenatis elementum. Maecenas accumsan, est quis vehicula rhoncus, metus risus auctor arcu, quis imperdiet sem risus nec magna. Nunc id lacus mauris. Sed at consequat risus, id cursus arcu. Lorem ipsum dolor sit amet, consectetur adipiscing elit. Vestibulum laoreet ultrices dolor, vel aliquam odio accumsan non. Nulla quis mattis velit. Cras accumsan tempus ante nec sodales. Vivamus vitae eleifend lorem.</p>\r\n\r\n<p>Proin iaculis blandit nunc sit amet euismod. Donec eu finibus velit. Nullam ac ipsum id sapien accumsan rhoncus. Nullam fringilla in nibh non imperdiet. Mauris laoreet nibh lacus, eleifend lacinia sem aliquet eu. Curabitur mollis sem eget tellus luctus sagittis. Donec bibendum ipsum quis nibh fermentum, eget accumsan odio consectetur. Nam et feugiat mi. Nulla dignissim nibh vel dui congue feugiat.</p>\r\n\r\n<p>Maecenas lacinia venenatis consectetur. In sit amet pulvinar lorem. Quisque in est vel est consequat dictum tincidunt vitae nunc. Pellentesque pellentesque, ex convallis dictum dignissim, est nunc ornare diam, et iaculis arcu purus in felis. Cras molestie eros tortor, et tempor tortor tempor non. Cras non erat diam. Curabitur tempor dolor maximus est efficitur convallis. Morbi congue, felis eget venenatis ultrices, nulla orci eleifend ante, in pulvinar leo sem eget felis. Aliquam pulvinar ex ornare gravida vulputate. Nunc tincidunt neque a pharetra fringilla. Praesent tempor, ex sed iaculis molestie, tellus tellus porttitor nibh, in pretium quam ex quis augue.</p>", "pub_date": "2021-08-21T07:01:09Z", "date_created": "2021-08-21T07:02:13.181Z", "date_updated": "2021-08-22T10:45:38.999Z", "author": 1, "like_count": 1, "status": true, "views": 5, "count_words": "447", "read_time": "3", "deleted": false, "favourites": [], "likes": [8]}}, {"model": "blog.post", "pk": 2, "fields": {"title": "Python Fundamentals - Part 2", "title_en": "Python Fundamentals - Part 2", "title_ind": "Python Pemula - Part 2", "slug": "python-fundamentals-part-2", "category": 1, "image": "posts/08-21-2021/2.png", "image_credit": "python fundamentals part 2", "excerpt": "Lorem ipsum dolor sit amet, consectetur adipiscing elit. In ultricies interdum enim. Nullam suscipit vulputate dui, sed scelerisque massa finibus vel. Aenean tincidunt sapien eu libero placerat porttitor.", "excerpt_en": "Lorem ipsum dolor sit amet, consectetur adipiscing elit. In ultricies interdum enim. Nullam suscipit vulputate dui, sed scelerisque massa finibus vel. Aenean tincidunt sapien eu libero placerat porttitor.", "excerpt_ind": "Lorem ipsum dolor sit amet, consectetur adipiscing elit. In ultricies interdum enim. Nullam suscipit vulputate dui, sed scelerisque massa finibus vel. Aenean tincidunt sapien eu libero placerat porttitor.", "content": "<p>Lorem ipsum dolor sit amet, consectetur adipiscing elit. In ultricies interdum enim. Nullam suscipit vulputate dui, sed scelerisque massa finibus vel. Aenean tincidunt sapien eu libero placerat porttitor. Maecenas dapibus eu metus nec accumsan. Cras condimentum arcu ac condimentum scelerisque. Nulla consequat nisl a pretium interdum. Vestibulum cursus varius hendrerit. Aliquam erat volutpat. Nulla in pulvinar sapien. Nullam at tristique arcu, eu auctor felis. Sed vulputate auctor tincidunt. Nam vehicula, lectus id vestibulum sollicitudin, diam ex consectetur urna, pellentesque vulputate sem mi sit amet lorem. Nam ac nulla eu velit posuere sodales non in purus. Nunc consequat vel ante nec sollicitudin. Fusce a tincidunt risus.</p>\r\n\r\n<p>Nullam ullamcorper, augue quis placerat mollis, tortor sapien imperdiet risus, a tempus orci odio eget risus. Nullam vel erat id risus rutrum volutpat sit amet eu lacus. In convallis faucibus mauris. Morbi efficitur quis risus quis scelerisque. Nullam efficitur tempus neque a tempor. Integer tempor massa vitae lectus scelerisque dapibus. Integer metus augue, tincidunt nec massa quis, posuere consectetur dolor. Aenean lacinia risus eu nisl tempor gravida. Aliquam sollicitudin quam a elit pharetra, id egestas dolor finibus. Curabitur dignissim, metus eget hendrerit porta, purus lectus aliquam diam, at dignissim metus tellus in lorem. Nullam tempor neque sed ornare gravida.</p>\r\n\r\n<p>Vestibulum eget arcu laoreet, tincidunt erat eget, iaculis lorem. Donec vitae gravida enim. Mauris vel malesuada lorem. Nulla facilisi. Nullam euismod massa sed venenatis elementum. Maecenas accumsan, est quis vehicula rhoncus, metus risus auctor arcu, quis imperdiet sem risus nec magna. Nunc id lacus mauris. Sed at consequat risus, id cursus arcu. Lorem ipsum dolor sit amet, consectetur adipiscing elit. Vestibulum laoreet ultrices dolor, vel aliquam odio accumsan non. Nulla quis mattis velit. Cras accumsan tempus ante nec sodales. Vivamus vitae eleifend lorem.</p>\r\n\r\n<p>Proin iaculis blandit nunc sit amet euismod. Donec eu finibus velit. Nullam ac ipsum id sapien accumsan rhoncus. Nullam fringilla in nibh non imperdiet. Mauris laoreet nibh lacus, eleifend lacinia sem aliquet eu. Curabitur mollis sem eget tellus luctus sagittis. Donec bibendum ipsum quis nibh fermentum, eget accumsan odio consectetur. Nam et feugiat mi. Nulla dignissim nibh vel dui congue feugiat.</p>\r\n\r\n<p>Maecenas lacinia venenatis consectetur. In sit amet pulvinar lorem. Quisque in est vel est consequat dictum tincidunt vitae nunc. Pellentesque pellentesque, ex convallis dictum dignissim, est nunc ornare diam, et iaculis arcu purus in felis. Cras molestie eros tortor, et tempor tortor tempor non. Cras non erat diam. Curabitur tempor dolor maximus est efficitur convallis. Morbi congue, felis eget venenatis ultrices, nulla orci eleifend ante, in pulvinar leo sem eget felis. Aliquam pulvinar ex ornare gravida vulputate. Nunc tincidunt neque a pharetra fringilla. Praesent tempor, ex sed iaculis molestie, tellus tellus porttitor nibh, in pretium quam ex quis augue.</p>", "content_en": "<p>Lorem ipsum dolor sit amet, consectetur adipiscing elit. In ultricies interdum enim. Nullam suscipit vulputate dui, sed scelerisque massa finibus vel. Aenean tincidunt sapien eu libero placerat porttitor. Maecenas dapibus eu metus nec accumsan. Cras condimentum arcu ac condimentum scelerisque. Nulla consequat nisl a pretium interdum. Vestibulum cursus varius hendrerit. Aliquam erat volutpat. Nulla in pulvinar sapien. Nullam at tristique arcu, eu auctor felis. Sed vulputate auctor tincidunt. Nam vehicula, lectus id vestibulum sollicitudin, diam ex consectetur urna, pellentesque vulputate sem mi sit amet lorem. Nam ac nulla eu velit posuere sodales non in purus. Nunc consequat vel ante nec sollicitudin. Fusce a tincidunt risus.</p>\r\n\r\n<p>Nullam ullamcorper, augue quis placerat mollis, tortor sapien imperdiet risus, a tempus orci odio eget risus. Nullam vel erat id risus rutrum volutpat sit amet eu lacus. In convallis faucibus mauris. Morbi efficitur quis risus quis scelerisque. Nullam efficitur tempus neque a tempor. Integer tempor massa vitae lectus scelerisque dapibus. Integer metus augue, tincidunt nec massa quis, posuere consectetur dolor. Aenean lacinia risus eu nisl tempor gravida. Aliquam sollicitudin quam a elit pharetra, id egestas dolor finibus. Curabitur dignissim, metus eget hendrerit porta, purus lectus aliquam diam, at dignissim metus tellus in lorem. Nullam tempor neque sed ornare gravida.</p>\r\n\r\n<p>Vestibulum eget arcu laoreet, tincidunt erat eget, iaculis lorem. Donec vitae gravida enim. Mauris vel malesuada lorem. Nulla facilisi. Nullam euismod massa sed venenatis elementum. Maecenas accumsan, est quis vehicula rhoncus, metus risus auctor arcu, quis imperdiet sem risus nec magna. Nunc id lacus mauris. Sed at consequat risus, id cursus arcu. Lorem ipsum dolor sit amet, consectetur adipiscing elit. Vestibulum laoreet ultrices dolor, vel aliquam odio accumsan non. Nulla quis mattis velit. Cras accumsan tempus ante nec sodales. Vivamus vitae eleifend lorem.</p>\r\n\r\n<p>Proin iaculis blandit nunc sit amet euismod. Donec eu finibus velit. Nullam ac ipsum id sapien accumsan rhoncus. Nullam fringilla in nibh non imperdiet. Mauris laoreet nibh lacus, eleifend lacinia sem aliquet eu. Curabitur mollis sem eget tellus luctus sagittis. Donec bibendum ipsum quis nibh fermentum, eget accumsan odio consectetur. Nam et feugiat mi. Nulla dignissim nibh vel dui congue feugiat.</p>\r\n\r\n<p>Maecenas lacinia venenatis consectetur. In sit amet pulvinar lorem. Quisque in est vel est consequat dictum tincidunt vitae nunc. Pellentesque pellentesque, ex convallis dictum dignissim, est nunc ornare diam, et iaculis arcu purus in felis. Cras molestie eros tortor, et tempor tortor tempor non. Cras non erat diam. Curabitur tempor dolor maximus est efficitur convallis. Morbi congue, felis eget venenatis ultrices, nulla orci eleifend ante, in pulvinar leo sem eget felis. Aliquam pulvinar ex ornare gravida vulputate. Nunc tincidunt neque a pharetra fringilla. Praesent tempor, ex sed iaculis molestie, tellus tellus porttitor nibh, in pretium quam ex quis augue.</p>", "content_ind": "<p>Lorem ipsum dolor sit amet, consectetur adipiscing elit. In ultricies interdum enim. Nullam suscipit vulputate dui, sed scelerisque massa finibus vel. Aenean tincidunt sapien eu libero placerat porttitor. Maecenas dapibus eu metus nec accumsan. Cras condimentum arcu ac condimentum scelerisque. Nulla consequat nisl a pretium interdum. Vestibulum cursus varius hendrerit. Aliquam erat volutpat. Nulla in pulvinar sapien. Nullam at tristique arcu, eu auctor felis. Sed vulputate auctor tincidunt. Nam vehicula, lectus id vestibulum sollicitudin, diam ex consectetur urna, pellentesque vulputate sem mi sit amet lorem. Nam ac nulla eu velit posuere sodales non in purus. Nunc consequat vel ante nec sollicitudin. Fusce a tincidunt risus.</p>\r\n\r\n<p>Nullam ullamcorper, augue quis placerat mollis, tortor sapien imperdiet risus, a tempus orci odio eget risus. Nullam vel erat id risus rutrum volutpat sit amet eu lacus. In convallis faucibus mauris. Morbi efficitur quis risus quis scelerisque. Nullam efficitur tempus neque a tempor. Integer tempor massa vitae lectus scelerisque dapibus. Integer metus augue, tincidunt nec massa quis, posuere consectetur dolor. Aenean lacinia risus eu nisl tempor gravida. Aliquam sollicitudin quam a elit pharetra, id egestas dolor finibus. Curabitur dignissim, metus eget hendrerit porta, purus lectus aliquam diam, at dignissim metus tellus in lorem. Nullam tempor neque sed ornare gravida.</p>\r\n\r\n<p>Vestibulum eget arcu laoreet, tincidunt erat eget, iaculis lorem. Donec vitae gravida enim. Mauris vel malesuada lorem. Nulla facilisi. Nullam euismod massa sed venenatis elementum. Maecenas accumsan, est quis vehicula rhoncus, metus risus auctor arcu, quis imperdiet sem risus nec magna. Nunc id lacus mauris. Sed at consequat risus, id cursus arcu. Lorem ipsum dolor sit amet, consectetur adipiscing elit. Vestibulum laoreet ultrices dolor, vel aliquam odio accumsan non. Nulla quis mattis velit. Cras accumsan tempus ante nec sodales. Vivamus vitae eleifend lorem.</p>\r\n\r\n<p>Proin iaculis blandit nunc sit amet euismod. Donec eu finibus velit. Nullam ac ipsum id sapien accumsan rhoncus. Nullam fringilla in nibh non imperdiet. Mauris laoreet nibh lacus, eleifend lacinia sem aliquet eu. Curabitur mollis sem eget tellus luctus sagittis. Donec bibendum ipsum quis nibh fermentum, eget accumsan odio consectetur. Nam et feugiat mi. Nulla dignissim nibh vel dui congue feugiat.</p>\r\n\r\n<p>Maecenas lacinia venenatis consectetur. In sit amet pulvinar lorem. Quisque in est vel est consequat dictum tincidunt vitae nunc. Pellentesque pellentesque, ex convallis dictum dignissim, est nunc ornare diam, et iaculis arcu purus in felis. Cras molestie eros tortor, et tempor tortor tempor non. Cras non erat diam. Curabitur tempor dolor maximus est efficitur convallis. Morbi congue, felis eget venenatis ultrices, nulla orci eleifend ante, in pulvinar leo sem eget felis. Aliquam pulvinar ex ornare gravida vulputate. Nunc tincidunt neque a pharetra fringilla. Praesent tempor, ex sed iaculis molestie, tellus tellus porttitor nibh, in pretium quam ex quis augue.</p>", "pub_date": "2021-08-21T07:02:13Z", "date_created": "2021-08-21T07:03:06.158Z", "date_updated": "2021-08-23T06:06:08.379Z", "author": 1, "like_count": 1, "status": true, "views": 5, "count_words": "447", "read_time": "3", "deleted": false, "favourites": [], "likes": [8]}}, {"model": "blog.post", "pk": 3, "fields": {"title": "Django Ajaxify", "title_en": "Django Ajaxify", "title_ind": "Django Ajaxify", "slug": "django-ajaxify", "category": 2, "image": "posts/08-21-2021/3.png", "image_credit": "django ajaxify", "excerpt": "Lorem ipsum dolor sit amet, consectetur adipiscing elit. In ultricies interdum enim. Nullam suscipit vulputate dui, sed scelerisque massa finibus vel. Aenean tincidunt sapien eu libero placerat porttitor.", "excerpt_en": "Lorem ipsum dolor sit amet, consectetur adipiscing elit. In ultricies interdum enim. Nullam suscipit vulputate dui, sed scelerisque massa finibus vel. Aenean tincidunt sapien eu libero placerat porttitor.", "excerpt_ind": "Lorem ipsum dolor sit amet, consectetur adipiscing elit. In ultricies interdum enim. Nullam suscipit vulputate dui, sed scelerisque massa finibus vel. Aenean tincidunt sapien eu libero placerat porttitor.", "content": "<p>Lorem ipsum dolor sit amet, consectetur adipiscing elit. In ultricies interdum enim. Nullam suscipit vulputate dui, sed scelerisque massa finibus vel. Aenean tincidunt sapien eu libero placerat porttitor. Maecenas dapibus eu metus nec accumsan. Cras condimentum arcu ac condimentum scelerisque. Nulla consequat nisl a pretium interdum. Vestibulum cursus varius hendrerit. Aliquam erat volutpat. Nulla in pulvinar sapien. Nullam at tristique arcu, eu auctor felis. Sed vulputate auctor tincidunt. Nam vehicula, lectus id vestibulum sollicitudin, diam ex consectetur urna, pellentesque vulputate sem mi sit amet lorem. Nam ac nulla eu velit posuere sodales non in purus. Nunc consequat vel ante nec sollicitudin. Fusce a tincidunt risus.</p>\r\n\r\n<p>Nullam ullamcorper, augue quis placerat mollis, tortor sapien imperdiet risus, a tempus orci odio eget risus. Nullam vel erat id risus rutrum volutpat sit amet eu lacus. In convallis faucibus mauris. Morbi efficitur quis risus quis scelerisque. Nullam efficitur tempus neque a tempor. Integer tempor massa vitae lectus scelerisque dapibus. Integer metus augue, tincidunt nec massa quis, posuere consectetur dolor. Aenean lacinia risus eu nisl tempor gravida. Aliquam sollicitudin quam a elit pharetra, id egestas dolor finibus. Curabitur dignissim, metus eget hendrerit porta, purus lectus aliquam diam, at dignissim metus tellus in lorem. Nullam tempor neque sed ornare gravida.</p>\r\n\r\n<p>Vestibulum eget arcu laoreet, tincidunt erat eget, iaculis lorem. Donec vitae gravida enim. Mauris vel malesuada lorem. Nulla facilisi. Nullam euismod massa sed venenatis elementum. Maecenas accumsan, est quis vehicula rhoncus, metus risus auctor arcu, quis imperdiet sem risus nec magna. Nunc id lacus mauris. Sed at consequat risus, id cursus arcu. Lorem ipsum dolor sit amet, consectetur adipiscing elit. Vestibulum laoreet ultrices dolor, vel aliquam odio accumsan non. Nulla quis mattis velit. Cras accumsan tempus ante nec sodales. Vivamus vitae eleifend lorem.</p>\r\n\r\n<p>Proin iaculis blandit nunc sit amet euismod. Donec eu finibus velit. Nullam ac ipsum id sapien accumsan rhoncus. Nullam fringilla in nibh non imperdiet. Mauris laoreet nibh lacus, eleifend lacinia sem aliquet eu. Curabitur mollis sem eget tellus luctus sagittis. Donec bibendum ipsum quis nibh fermentum, eget accumsan odio consectetur. Nam et feugiat mi. Nulla dignissim nibh vel dui congue feugiat.</p>\r\n\r\n<p>Maecenas lacinia venenatis consectetur. In sit amet pulvinar lorem. Quisque in est vel est consequat dictum tincidunt vitae nunc. Pellentesque pellentesque, ex convallis dictum dignissim, est nunc ornare diam, et iaculis arcu purus in felis. Cras molestie eros tortor, et tempor tortor tempor non. Cras non erat diam. Curabitur tempor dolor maximus est efficitur convallis. Morbi congue, felis eget venenatis ultrices, nulla orci eleifend ante, in pulvinar leo sem eget felis. Aliquam pulvinar ex ornare gravida vulputate. Nunc tincidunt neque a pharetra fringilla. Praesent tempor, ex sed iaculis molestie, tellus tellus porttitor nibh, in pretium quam ex quis augue.</p>", "content_en": "<p>Lorem ipsum dolor sit amet, consectetur adipiscing elit. In ultricies interdum enim. Nullam suscipit vulputate dui, sed scelerisque massa finibus vel. Aenean tincidunt sapien eu libero placerat porttitor. Maecenas dapibus eu metus nec accumsan. Cras condimentum arcu ac condimentum scelerisque. Nulla consequat nisl a pretium interdum. Vestibulum cursus varius hendrerit. Aliquam erat volutpat. Nulla in pulvinar sapien. Nullam at tristique arcu, eu auctor felis. Sed vulputate auctor tincidunt. Nam vehicula, lectus id vestibulum sollicitudin, diam ex consectetur urna, pellentesque vulputate sem mi sit amet lorem. Nam ac nulla eu velit posuere sodales non in purus. Nunc consequat vel ante nec sollicitudin. Fusce a tincidunt risus.</p>\r\n\r\n<p>Nullam ullamcorper, augue quis placerat mollis, tortor sapien imperdiet risus, a tempus orci odio eget risus. Nullam vel erat id risus rutrum volutpat sit amet eu lacus. In convallis faucibus mauris. Morbi efficitur quis risus quis scelerisque. Nullam efficitur tempus neque a tempor. Integer tempor massa vitae lectus scelerisque dapibus. Integer metus augue, tincidunt nec massa quis, posuere consectetur dolor. Aenean lacinia risus eu nisl tempor gravida. Aliquam sollicitudin quam a elit pharetra, id egestas dolor finibus. Curabitur dignissim, metus eget hendrerit porta, purus lectus aliquam diam, at dignissim metus tellus in lorem. Nullam tempor neque sed ornare gravida.</p>\r\n\r\n<p>Vestibulum eget arcu laoreet, tincidunt erat eget, iaculis lorem. Donec vitae gravida enim. Mauris vel malesuada lorem. Nulla facilisi. Nullam euismod massa sed venenatis elementum. Maecenas accumsan, est quis vehicula rhoncus, metus risus auctor arcu, quis imperdiet sem risus nec magna. Nunc id lacus mauris. Sed at consequat risus, id cursus arcu. Lorem ipsum dolor sit amet, consectetur adipiscing elit. Vestibulum laoreet ultrices dolor, vel aliquam odio accumsan non. Nulla quis mattis velit. Cras accumsan tempus ante nec sodales. Vivamus vitae eleifend lorem.</p>\r\n\r\n<p>Proin iaculis blandit nunc sit amet euismod. Donec eu finibus velit. Nullam ac ipsum id sapien accumsan rhoncus. Nullam fringilla in nibh non imperdiet. Mauris laoreet nibh lacus, eleifend lacinia sem aliquet eu. Curabitur mollis sem eget tellus luctus sagittis. Donec bibendum ipsum quis nibh fermentum, eget accumsan odio consectetur. Nam et feugiat mi. Nulla dignissim nibh vel dui congue feugiat.</p>\r\n\r\n<p>Maecenas lacinia venenatis consectetur. In sit amet pulvinar lorem. Quisque in est vel est consequat dictum tincidunt vitae nunc. Pellentesque pellentesque, ex convallis dictum dignissim, est nunc ornare diam, et iaculis arcu purus in felis. Cras molestie eros tortor, et tempor tortor tempor non. Cras non erat diam. Curabitur tempor dolor maximus est efficitur convallis. Morbi congue, felis eget venenatis ultrices, nulla orci eleifend ante, in pulvinar leo sem eget felis. Aliquam pulvinar ex ornare gravida vulputate. Nunc tincidunt neque a pharetra fringilla. Praesent tempor, ex sed iaculis molestie, tellus tellus porttitor nibh, in pretium quam ex quis augue.</p>", "content_ind": "<p>Lorem ipsum dolor sit amet, consectetur adipiscing elit. In ultricies interdum enim. Nullam suscipit vulputate dui, sed scelerisque massa finibus vel. Aenean tincidunt sapien eu libero placerat porttitor. Maecenas dapibus eu metus nec accumsan. Cras condimentum arcu ac condimentum scelerisque. Nulla consequat nisl a pretium interdum. Vestibulum cursus varius hendrerit. Aliquam erat volutpat. Nulla in pulvinar sapien. Nullam at tristique arcu, eu auctor felis. Sed vulputate auctor tincidunt. Nam vehicula, lectus id vestibulum sollicitudin, diam ex consectetur urna, pellentesque vulputate sem mi sit amet lorem. Nam ac nulla eu velit posuere sodales non in purus. Nunc consequat vel ante nec sollicitudin. Fusce a tincidunt risus.</p>\r\n\r\n<p>Nullam ullamcorper, augue quis placerat mollis, tortor sapien imperdiet risus, a tempus orci odio eget risus. Nullam vel erat id risus rutrum volutpat sit amet eu lacus. In convallis faucibus mauris. Morbi efficitur quis risus quis scelerisque. Nullam efficitur tempus neque a tempor. Integer tempor massa vitae lectus scelerisque dapibus. Integer metus augue, tincidunt nec massa quis, posuere consectetur dolor. Aenean lacinia risus eu nisl tempor gravida. Aliquam sollicitudin quam a elit pharetra, id egestas dolor finibus. Curabitur dignissim, metus eget hendrerit porta, purus lectus aliquam diam, at dignissim metus tellus in lorem. Nullam tempor neque sed ornare gravida.</p>\r\n\r\n<p>Vestibulum eget arcu laoreet, tincidunt erat eget, iaculis lorem. Donec vitae gravida enim. Mauris vel malesuada lorem. Nulla facilisi. Nullam euismod massa sed venenatis elementum. Maecenas accumsan, est quis vehicula rhoncus, metus risus auctor arcu, quis imperdiet sem risus nec magna. Nunc id lacus mauris. Sed at consequat risus, id cursus arcu. Lorem ipsum dolor sit amet, consectetur adipiscing elit. Vestibulum laoreet ultrices dolor, vel aliquam odio accumsan non. Nulla quis mattis velit. Cras accumsan tempus ante nec sodales. Vivamus vitae eleifend lorem.</p>\r\n\r\n<p>Proin iaculis blandit nunc sit amet euismod. Donec eu finibus velit. Nullam ac ipsum id sapien accumsan rhoncus. Nullam fringilla in nibh non imperdiet. Mauris laoreet nibh lacus, eleifend lacinia sem aliquet eu. Curabitur mollis sem eget tellus luctus sagittis. Donec bibendum ipsum quis nibh fermentum, eget accumsan odio consectetur. Nam et feugiat mi. Nulla dignissim nibh vel dui congue feugiat.</p>\r\n\r\n<p>Maecenas lacinia venenatis consectetur. In sit amet pulvinar lorem. Quisque in est vel est consequat dictum tincidunt vitae nunc. Pellentesque pellentesque, ex convallis dictum dignissim, est nunc ornare diam, et iaculis arcu purus in felis. Cras molestie eros tortor, et tempor tortor tempor non. Cras non erat diam. Curabitur tempor dolor maximus est efficitur convallis. Morbi congue, felis eget venenatis ultrices, nulla orci eleifend ante, in pulvinar leo sem eget felis. Aliquam pulvinar ex ornare gravida vulputate. Nunc tincidunt neque a pharetra fringilla. Praesent tempor, ex sed iaculis molestie, tellus tellus porttitor nibh, in pretium quam ex quis augue.</p>", "pub_date": "2021-08-21T07:03:06Z", "date_created": "2021-08-21T07:04:19.025Z", "date_updated": "2021-08-23T08:30:39.533Z", "author": 1, "like_count": 1, "status": true, "views": 5, "count_words": "447", "read_time": "3", "deleted": false, "favourites": [8], "likes": [8]}}, {"model": "blog.post", "pk": 4, "fields": {"title": "Django Dynamic Template", "title_en": "Django Dynamic Template", "title_ind": "Django template dinamis", "slug": "django-dynamic-template", "category": 2, "image": "posts/08-22-2021/4.png", "image_credit": "django dynamic template", "excerpt": "Aenean quis maximus nulla. Maecenas eu tortor facilisis, dictum ante sit amet, hendrerit ex. In laoreet iaculis ante, et molestie eros consequat eget. Suspendisse pellentesque eros massa, in porttitor ex viverra eu.", "excerpt_en": "Aenean quis maximus nulla. Maecenas eu tortor facilisis, dictum ante sit amet, hendrerit ex. In laoreet iaculis ante, et molestie eros consequat eget. Suspendisse pellentesque eros massa, in porttitor ex viverra eu.", "excerpt_ind": "Aenean quis maximus nulla. Maecenas eu tortor facilisis, dictum ante sit amet, hendrerit ex. In laoreet iaculis ante, et molestie eros consequat eget. Suspendisse pellentesque eros massa, in porttitor ex viverra eu.", "content": "<p>Lorem ipsum dolor sit amet, consectetur adipiscing elit. Donec justo neque, condimentum sed pharetra id, finibus at mi. Aliquam facilisis, magna ut porta dapibus, orci purus eleifend nibh, sit amet posuere dolor odio vel libero. Suspendisse cursus tellus sed semper molestie. Quisque vehicula, ipsum vitae tempus semper, enim sapien tincidunt dolor, eget porttitor lacus odio non felis. Sed egestas sapien augue, ut tempor lectus iaculis non. Mauris vel ligula aliquam, tempor arcu nec, cursus purus. Ut bibendum sodales rhoncus. Quisque efficitur massa non dolor lacinia facilisis. Praesent ante neque, imperdiet id laoreet at, consectetur et augue. Vestibulum ac nisi scelerisque, ullamcorper libero at, suscipit augue. Donec id erat eget augue bibendum aliquet in eget tortor.</p>\r\n\r\n<p>Aenean quis maximus nulla. Maecenas eu tortor facilisis, dictum ante sit amet, hendrerit ex. In laoreet iaculis ante, et molestie eros consequat eget. Suspendisse pellentesque eros massa, in porttitor ex viverra eu. Nullam faucibus posuere sem, eget facilisis augue pulvinar et. Praesent felis augue, facilisis eget massa sit amet, rhoncus ultrices diam. Proin venenatis vel felis et dictum. Morbi a convallis purus. Vestibulum luctus efficitur orci varius accumsan. Donec id nibh id odio euismod consequat ut at augue. Quisque imperdiet purus sem, ac consequat diam ultrices nec. Quisque posuere felis eget blandit cursus. Class aptent taciti sociosqu ad litora torquent per conubia nostra, per inceptos himenaeos. Phasellus sodales posuere nisl id suscipit. Donec ullamcorper mollis laoreet. Nullam interdum blandit mauris, quis sollicitudin lectus pellentesque ac.</p>\r\n\r\n<p>Donec urna orci, porta nec felis eu, vulputate dapibus magna. Integer quis purus id magna tempus scelerisque. Integer ac dolor a tortor mollis pellentesque. Aenean luctus tempus quam, vitae consequat est consectetur ac. Donec ultricies neque in neque blandit congue. Nam at ipsum tristique, dictum purus ac, lacinia lorem. Aliquam egestas purus ut urna rutrum bibendum. Duis eu mi eleifend, lobortis dolor eget, condimentum dui.</p>\r\n\r\n<p>Praesent nisi urna, hendrerit ac ultricies id, lacinia tincidunt felis. Vestibulum ante ipsum primis in faucibus orci luctus et ultrices posuere cubilia curae; Mauris aliquam, odio nec porttitor vulputate, lacus turpis scelerisque diam, sed rutrum magna tortor eget eros. Curabitur a pretium tortor. Suspendisse pharetra sed mi vitae ullamcorper. Ut convallis orci vitae nulla varius tempus. Aenean sit amet ullamcorper odio.</p>\r\n\r\n<p>Donec nec mauris vestibulum, pretium ex ut, ornare massa. Praesent non vehicula orci, at pellentesque risus. Nullam imperdiet odio eu ex consectetur egestas. Vestibulum pellentesque lorem eu erat ornare tempus. Aliquam blandit, nibh vel placerat mollis, nulla mi fringilla enim, nec iaculis augue metus volutpat dui. Class aptent taciti sociosqu ad litora torquent per conubia nostra, per inceptos himenaeos. Praesent vel velit posuere, sodales metus a, laoreet lacus. Nulla convallis eget libero id feugiat. Nam ultricies consequat dui nec egestas. Mauris non imperdiet lorem. Phasellus luctus lacus nec nibh fermentum, vel eleifend turpis accumsan. Proin libero enim, porttitor nec eros eget, pulvinar tempus quam. Pellentesque ultricies augue eu enim lacinia imperdiet.</p>", "content_en": "<p>Lorem ipsum dolor sit amet, consectetur adipiscing elit. Donec justo neque, condimentum sed pharetra id, finibus at mi. Aliquam facilisis, magna ut porta dapibus, orci purus eleifend nibh, sit amet posuere dolor odio vel libero. Suspendisse cursus tellus sed semper molestie. Quisque vehicula, ipsum vitae tempus semper, enim sapien tincidunt dolor, eget porttitor lacus odio non felis. Sed egestas sapien augue, ut tempor lectus iaculis non. Mauris vel ligula aliquam, tempor arcu nec, cursus purus. Ut bibendum sodales rhoncus. Quisque efficitur massa non dolor lacinia facilisis. Praesent ante neque, imperdiet id laoreet at, consectetur et augue. Vestibulum ac nisi scelerisque, ullamcorper libero at, suscipit augue. Donec id erat eget augue bibendum aliquet in eget tortor.</p>\r\n\r\n<p>Aenean quis maximus nulla. Maecenas eu tortor facilisis, dictum ante sit amet, hendrerit ex. In laoreet iaculis ante, et molestie eros consequat eget. Suspendisse pellentesque eros massa, in porttitor ex viverra eu. Nullam faucibus posuere sem, eget facilisis augue pulvinar et. Praesent felis augue, facilisis eget massa sit amet, rhoncus ultrices diam. Proin venenatis vel felis et dictum. Morbi a convallis purus. Vestibulum luctus efficitur orci varius accumsan. Donec id nibh id odio euismod consequat ut at augue. Quisque imperdiet purus sem, ac consequat diam ultrices nec. Quisque posuere felis eget blandit cursus. Class aptent taciti sociosqu ad litora torquent per conubia nostra, per inceptos himenaeos. Phasellus sodales posuere nisl id suscipit. Donec ullamcorper mollis laoreet. Nullam interdum blandit mauris, quis sollicitudin lectus pellentesque ac.</p>\r\n\r\n<p>Donec urna orci, porta nec felis eu, vulputate dapibus magna. Integer quis purus id magna tempus scelerisque. Integer ac dolor a tortor mollis pellentesque. Aenean luctus tempus quam, vitae consequat est consectetur ac. Donec ultricies neque in neque blandit congue. Nam at ipsum tristique, dictum purus ac, lacinia lorem. Aliquam egestas purus ut urna rutrum bibendum. Duis eu mi eleifend, lobortis dolor eget, condimentum dui.</p>\r\n\r\n<p>Praesent nisi urna, hendrerit ac ultricies id, lacinia tincidunt felis. Vestibulum ante ipsum primis in faucibus orci luctus et ultrices posuere cubilia curae; Mauris aliquam, odio nec porttitor vulputate, lacus turpis scelerisque diam, sed rutrum magna tortor eget eros. Curabitur a pretium tortor. Suspendisse pharetra sed mi vitae ullamcorper. Ut convallis orci vitae nulla varius tempus. Aenean sit amet ullamcorper odio.</p>\r\n\r\n<p>Donec nec mauris vestibulum, pretium ex ut, ornare massa. Praesent non vehicula orci, at pellentesque risus. Nullam imperdiet odio eu ex consectetur egestas. Vestibulum pellentesque lorem eu erat ornare tempus. Aliquam blandit, nibh vel placerat mollis, nulla mi fringilla enim, nec iaculis augue metus volutpat dui. Class aptent taciti sociosqu ad litora torquent per conubia nostra, per inceptos himenaeos. Praesent vel velit posuere, sodales metus a, laoreet lacus. Nulla convallis eget libero id feugiat. Nam ultricies consequat dui nec egestas. Mauris non imperdiet lorem. Phasellus luctus lacus nec nibh fermentum, vel eleifend turpis accumsan. Proin libero enim, porttitor nec eros eget, pulvinar tempus quam. Pellentesque ultricies augue eu enim lacinia imperdiet.</p>", "content_ind": "<p>Lorem ipsum dolor sit amet, consectetur adipiscing elit. Donec justo neque, condimentum sed pharetra id, finibus at mi. Aliquam facilisis, magna ut porta dapibus, orci purus eleifend nibh, sit amet posuere dolor odio vel libero. Suspendisse cursus tellus sed semper molestie. Quisque vehicula, ipsum vitae tempus semper, enim sapien tincidunt dolor, eget porttitor lacus odio non felis. Sed egestas sapien augue, ut tempor lectus iaculis non. Mauris vel ligula aliquam, tempor arcu nec, cursus purus. Ut bibendum sodales rhoncus. Quisque efficitur massa non dolor lacinia facilisis. Praesent ante neque, imperdiet id laoreet at, consectetur et augue. Vestibulum ac nisi scelerisque, ullamcorper libero at, suscipit augue. Donec id erat eget augue bibendum aliquet in eget tortor.</p>\r\n\r\n<p>Aenean quis maximus nulla. Maecenas eu tortor facilisis, dictum ante sit amet, hendrerit ex. In laoreet iaculis ante, et molestie eros consequat eget. Suspendisse pellentesque eros massa, in porttitor ex viverra eu. Nullam faucibus posuere sem, eget facilisis augue pulvinar et. Praesent felis augue, facilisis eget massa sit amet, rhoncus ultrices diam. Proin venenatis vel felis et dictum. Morbi a convallis purus. Vestibulum luctus efficitur orci varius accumsan. Donec id nibh id odio euismod consequat ut at augue. Quisque imperdiet purus sem, ac consequat diam ultrices nec. Quisque posuere felis eget blandit cursus. Class aptent taciti sociosqu ad litora torquent per conubia nostra, per inceptos himenaeos. Phasellus sodales posuere nisl id suscipit. Donec ullamcorper mollis laoreet. Nullam interdum blandit mauris, quis sollicitudin lectus pellentesque ac.</p>\r\n\r\n<p>Donec urna orci, porta nec felis eu, vulputate dapibus magna. Integer quis purus id magna tempus scelerisque. Integer ac dolor a tortor mollis pellentesque. Aenean luctus tempus quam, vitae consequat est consectetur ac. Donec ultricies neque in neque blandit congue. Nam at ipsum tristique, dictum purus ac, lacinia lorem. Aliquam egestas purus ut urna rutrum bibendum. Duis eu mi eleifend, lobortis dolor eget, condimentum dui.</p>\r\n\r\n<p>Praesent nisi urna, hendrerit ac ultricies id, lacinia tincidunt felis. Vestibulum ante ipsum primis in faucibus orci luctus et ultrices posuere cubilia curae; Mauris aliquam, odio nec porttitor vulputate, lacus turpis scelerisque diam, sed rutrum magna tortor eget eros. Curabitur a pretium tortor. Suspendisse pharetra sed mi vitae ullamcorper. Ut convallis orci vitae nulla varius tempus. Aenean sit amet ullamcorper odio.</p>\r\n\r\n<p>Donec nec mauris vestibulum, pretium ex ut, ornare massa. Praesent non vehicula orci, at pellentesque risus. Nullam imperdiet odio eu ex consectetur egestas. Vestibulum pellentesque lorem eu erat ornare tempus. Aliquam blandit, nibh vel placerat mollis, nulla mi fringilla enim, nec iaculis augue metus volutpat dui. Class aptent taciti sociosqu ad litora torquent per conubia nostra, per inceptos himenaeos. Praesent vel velit posuere, sodales metus a, laoreet lacus. Nulla convallis eget libero id feugiat. Nam ultricies consequat dui nec egestas. Mauris non imperdiet lorem. Phasellus luctus lacus nec nibh fermentum, vel eleifend turpis accumsan. Proin libero enim, porttitor nec eros eget, pulvinar tempus quam. Pellentesque ultricies augue eu enim lacinia imperdiet.</p>", "pub_date": "2021-08-22T04:48:49Z", "date_created": "2021-08-22T04:50:15.657Z", "date_updated": "2021-08-24T08:32:52.050Z", "author": 1, "like_count": 0, "status": true, "views": 7, "count_words": "477", "read_time": "3", "deleted": false, "favourites": [], "likes": []}}, {"model": "blog.post", "pk": 5, "fields": {"title": "Django Boilerplate", "title_en": "Django Boilerplate", "title_ind": "Django Boilerplate", "slug": "django-boilerplate", "category": 2, "image": "", "image_credit": null, "excerpt": "Vestibulum ante ipsum primis in faucibus orci luctus et ultrices posuere cubilia curae; Mauris aliquam, odio nec porttitor vulputate, lacus turpis scelerisque diam", "excerpt_en": "Vestibulum ante ipsum primis in faucibus orci luctus et ultrices posuere cubilia curae; Mauris aliquam, odio nec porttitor vulputate, lacus turpis scelerisque diam", "excerpt_ind": "Vestibulum ante ipsum primis in faucibus orci luctus et ultrices posuere cubilia curae; Mauris aliquam, odio nec porttitor vulputate, lacus turpis scelerisque diam", "content": "<p>Lorem ipsum dolor sit amet, consectetur adipiscing elit. Donec justo neque, condimentum sed pharetra id, finibus at mi. Aliquam facilisis, magna ut porta dapibus, orci purus eleifend nibh, sit amet posuere dolor odio vel libero. Suspendisse cursus tellus sed semper molestie. Quisque vehicula, ipsum vitae tempus semper, enim sapien tincidunt dolor, eget porttitor lacus odio non felis. Sed egestas sapien augue, ut tempor lectus iaculis non. Mauris vel ligula aliquam, tempor arcu nec, cursus purus. Ut bibendum sodales rhoncus. Quisque efficitur massa non dolor lacinia facilisis. Praesent ante neque, imperdiet id laoreet at, consectetur et augue. Vestibulum ac nisi scelerisque, ullamcorper libero at, suscipit augue. Donec id erat eget augue bibendum aliquet in eget tortor.</p>\r\n\r\n<p>Aenean quis maximus nulla. Maecenas eu tortor facilisis, dictum ante sit amet, hendrerit ex. In laoreet iaculis ante, et molestie eros consequat eget. Suspendisse pellentesque eros massa, in porttitor ex viverra eu. Nullam faucibus posuere sem, eget facilisis augue pulvinar et. Praesent felis augue, facilisis eget massa sit amet, rhoncus ultrices diam. Proin venenatis vel felis et dictum. Morbi a convallis purus. Vestibulum luctus efficitur orci varius accumsan. Donec id nibh id odio euismod consequat ut at augue. Quisque imperdiet purus sem, ac consequat diam ultrices nec. Quisque posuere felis eget blandit cursus. Class aptent taciti sociosqu ad litora torquent per conubia nostra, per inceptos himenaeos. Phasellus sodales posuere nisl id suscipit. Donec ullamcorper mollis laoreet. Nullam interdum blandit mauris, quis sollicitudin lectus pellentesque ac.</p>\r\n\r\n<p>Donec urna orci, porta nec felis eu, vulputate dapibus magna. Integer quis purus id magna tempus scelerisque. Integer ac dolor a tortor mollis pellentesque. Aenean luctus tempus quam, vitae consequat est consectetur ac. Donec ultricies neque in neque blandit congue. Nam at ipsum tristique, dictum purus ac, lacinia lorem. Aliquam egestas purus ut urna rutrum bibendum. Duis eu mi eleifend, lobortis dolor eget, condimentum dui.</p>\r\n\r\n<p>Praesent nisi urna, hendrerit ac ultricies id, lacinia tincidunt felis. Vestibulum ante ipsum primis in faucibus orci luctus et ultrices posuere cubilia curae; Mauris aliquam, odio nec porttitor vulputate, lacus turpis scelerisque diam, sed rutrum magna tortor eget eros. Curabitur a pretium tortor. Suspendisse pharetra sed mi vitae ullamcorper. Ut convallis orci vitae nulla varius tempus. Aenean sit amet ullamcorper odio.</p>\r\n\r\n<p>Donec nec mauris vestibulum, pretium ex ut, ornare massa. Praesent non vehicula orci, at pellentesque risus. Nullam imperdiet odio eu ex consectetur egestas. Vestibulum pellentesque lorem eu erat ornare tempus. Aliquam blandit, nibh vel placerat mollis, nulla mi fringilla enim, nec iaculis augue metus volutpat dui. Class aptent taciti sociosqu ad litora torquent per conubia nostra, per inceptos himenaeos. Praesent vel velit posuere, sodales metus a, laoreet lacus. Nulla convallis eget libero id feugiat. Nam ultricies consequat dui nec egestas. Mauris non imperdiet lorem. Phasellus luctus lacus nec nibh fermentum, vel eleifend turpis accumsan. Proin libero enim, porttitor nec eros eget, pulvinar tempus quam. Pellentesque ultricies augue eu enim lacinia imperdiet.</p>", "content_en": "<p>Lorem ipsum dolor sit amet, consectetur adipiscing elit. Donec justo neque, condimentum sed pharetra id, finibus at mi. Aliquam facilisis, magna ut porta dapibus, orci purus eleifend nibh, sit amet posuere dolor odio vel libero. Suspendisse cursus tellus sed semper molestie. Quisque vehicula, ipsum vitae tempus semper, enim sapien tincidunt dolor, eget porttitor lacus odio non felis. Sed egestas sapien augue, ut tempor lectus iaculis non. Mauris vel ligula aliquam, tempor arcu nec, cursus purus. Ut bibendum sodales rhoncus. Quisque efficitur massa non dolor lacinia facilisis. Praesent ante neque, imperdiet id laoreet at, consectetur et augue. Vestibulum ac nisi scelerisque, ullamcorper libero at, suscipit augue. Donec id erat eget augue bibendum aliquet in eget tortor.</p>\r\n\r\n<p>Aenean quis maximus nulla. Maecenas eu tortor facilisis, dictum ante sit amet, hendrerit ex. In laoreet iaculis ante, et molestie eros consequat eget. Suspendisse pellentesque eros massa, in porttitor ex viverra eu. Nullam faucibus posuere sem, eget facilisis augue pulvinar et. Praesent felis augue, facilisis eget massa sit amet, rhoncus ultrices diam. Proin venenatis vel felis et dictum. Morbi a convallis purus. Vestibulum luctus efficitur orci varius accumsan. Donec id nibh id odio euismod consequat ut at augue. Quisque imperdiet purus sem, ac consequat diam ultrices nec. Quisque posuere felis eget blandit cursus. Class aptent taciti sociosqu ad litora torquent per conubia nostra, per inceptos himenaeos. Phasellus sodales posuere nisl id suscipit. Donec ullamcorper mollis laoreet. Nullam interdum blandit mauris, quis sollicitudin lectus pellentesque ac.</p>\r\n\r\n<p>Donec urna orci, porta nec felis eu, vulputate dapibus magna. Integer quis purus id magna tempus scelerisque. Integer ac dolor a tortor mollis pellentesque. Aenean luctus tempus quam, vitae consequat est consectetur ac. Donec ultricies neque in neque blandit congue. Nam at ipsum tristique, dictum purus ac, lacinia lorem. Aliquam egestas purus ut urna rutrum bibendum. Duis eu mi eleifend, lobortis dolor eget, condimentum dui.</p>\r\n\r\n<p>Praesent nisi urna, hendrerit ac ultricies id, lacinia tincidunt felis. Vestibulum ante ipsum primis in faucibus orci luctus et ultrices posuere cubilia curae; Mauris aliquam, odio nec porttitor vulputate, lacus turpis scelerisque diam, sed rutrum magna tortor eget eros. Curabitur a pretium tortor. Suspendisse pharetra sed mi vitae ullamcorper. Ut convallis orci vitae nulla varius tempus. Aenean sit amet ullamcorper odio.</p>\r\n\r\n<p>Donec nec mauris vestibulum, pretium ex ut, ornare massa. Praesent non vehicula orci, at pellentesque risus. Nullam imperdiet odio eu ex consectetur egestas. Vestibulum pellentesque lorem eu erat ornare tempus. Aliquam blandit, nibh vel placerat mollis, nulla mi fringilla enim, nec iaculis augue metus volutpat dui. Class aptent taciti sociosqu ad litora torquent per conubia nostra, per inceptos himenaeos. Praesent vel velit posuere, sodales metus a, laoreet lacus. Nulla convallis eget libero id feugiat. Nam ultricies consequat dui nec egestas. Mauris non imperdiet lorem. Phasellus luctus lacus nec nibh fermentum, vel eleifend turpis accumsan. Proin libero enim, porttitor nec eros eget, pulvinar tempus quam. Pellentesque ultricies augue eu enim lacinia imperdiet.</p>", "content_ind": "<p>Lorem ipsum dolor sit amet, consectetur adipiscing elit. Donec justo neque, condimentum sed pharetra id, finibus at mi. Aliquam facilisis, magna ut porta dapibus, orci purus eleifend nibh, sit amet posuere dolor odio vel libero. Suspendisse cursus tellus sed semper molestie. Quisque vehicula, ipsum vitae tempus semper, enim sapien tincidunt dolor, eget porttitor lacus odio non felis. Sed egestas sapien augue, ut tempor lectus iaculis non. Mauris vel ligula aliquam, tempor arcu nec, cursus purus. Ut bibendum sodales rhoncus. Quisque efficitur massa non dolor lacinia facilisis. Praesent ante neque, imperdiet id laoreet at, consectetur et augue. Vestibulum ac nisi scelerisque, ullamcorper libero at, suscipit augue. Donec id erat eget augue bibendum aliquet in eget tortor.</p>\r\n\r\n<p>Aenean quis maximus nulla. Maecenas eu tortor facilisis, dictum ante sit amet, hendrerit ex. In laoreet iaculis ante, et molestie eros consequat eget. Suspendisse pellentesque eros massa, in porttitor ex viverra eu. Nullam faucibus posuere sem, eget facilisis augue pulvinar et. Praesent felis augue, facilisis eget massa sit amet, rhoncus ultrices diam. Proin venenatis vel felis et dictum. Morbi a convallis purus. Vestibulum luctus efficitur orci varius accumsan. Donec id nibh id odio euismod consequat ut at augue. Quisque imperdiet purus sem, ac consequat diam ultrices nec. Quisque posuere felis eget blandit cursus. Class aptent taciti sociosqu ad litora torquent per conubia nostra, per inceptos himenaeos. Phasellus sodales posuere nisl id suscipit. Donec ullamcorper mollis laoreet. Nullam interdum blandit mauris, quis sollicitudin lectus pellentesque ac.</p>\r\n\r\n<p>Donec urna orci, porta nec felis eu, vulputate dapibus magna. Integer quis purus id magna tempus scelerisque. Integer ac dolor a tortor mollis pellentesque. Aenean luctus tempus quam, vitae consequat est consectetur ac. Donec ultricies neque in neque blandit congue. Nam at ipsum tristique, dictum purus ac, lacinia lorem. Aliquam egestas purus ut urna rutrum bibendum. Duis eu mi eleifend, lobortis dolor eget, condimentum dui.</p>\r\n\r\n<p>Praesent nisi urna, hendrerit ac ultricies id, lacinia tincidunt felis. Vestibulum ante ipsum primis in faucibus orci luctus et ultrices posuere cubilia curae; Mauris aliquam, odio nec porttitor vulputate, lacus turpis scelerisque diam, sed rutrum magna tortor eget eros. Curabitur a pretium tortor. Suspendisse pharetra sed mi vitae ullamcorper. Ut convallis orci vitae nulla varius tempus. Aenean sit amet ullamcorper odio.</p>\r\n\r\n<p>Donec nec mauris vestibulum, pretium ex ut, ornare massa. Praesent non vehicula orci, at pellentesque risus. Nullam imperdiet odio eu ex consectetur egestas. Vestibulum pellentesque lorem eu erat ornare tempus. Aliquam blandit, nibh vel placerat mollis, nulla mi fringilla enim, nec iaculis augue metus volutpat dui. Class aptent taciti sociosqu ad litora torquent per conubia nostra, per inceptos himenaeos. Praesent vel velit posuere, sodales metus a, laoreet lacus. Nulla convallis eget libero id feugiat. Nam ultricies consequat dui nec egestas. Mauris non imperdiet lorem. Phasellus luctus lacus nec nibh fermentum, vel eleifend turpis accumsan. Proin libero enim, porttitor nec eros eget, pulvinar tempus quam. Pellentesque ultricies augue eu enim lacinia imperdiet.</p>", "pub_date": "2021-08-22T04:50:26Z", "date_created": "2021-08-22T04:51:34.622Z", "date_updated": "2021-08-22T05:28:55.370Z", "author": 1, "like_count": 0, "status": true, "views": 1, "count_words": "477", "read_time": "3", "deleted": false, "favourites": [], "likes": []}}, {"model": "blog.post", "pk": 6, "fields": {"title": "Django Authenticated", "title_en": "Django Authenticated", "title_ind": "Django Autentifikasi", "slug": "django-authenticated", "category": 2, "image": "", "image_credit": null, "excerpt": "Vestibulum ante ipsum primis in faucibus orci luctus et ultrices posuere cubilia curae; Mauris aliquam, odio nec porttitor vulputate, lacus turpis scelerisque diam", "excerpt_en": "Vestibulum ante ipsum primis in faucibus orci luctus et ultrices posuere cubilia curae; Mauris aliquam, odio nec porttitor vulputate, lacus turpis scelerisque diam", "excerpt_ind": "Vestibulum ante ipsum primis in faucibus orci luctus et ultrices posuere cubilia curae; Mauris aliquam, odio nec porttitor vulputate, lacus turpis scelerisque diam", "content": "<p>Lorem ipsum dolor sit amet, consectetur adipiscing elit. Donec justo neque, condimentum sed pharetra id, finibus at mi. Aliquam facilisis, magna ut porta dapibus, orci purus eleifend nibh, sit amet posuere dolor odio vel libero. Suspendisse cursus tellus sed semper molestie. Quisque vehicula, ipsum vitae tempus semper, enim sapien tincidunt dolor, eget porttitor lacus odio non felis. Sed egestas sapien augue, ut tempor lectus iaculis non. Mauris vel ligula aliquam, tempor arcu nec, cursus purus. Ut bibendum sodales rhoncus. Quisque efficitur massa non dolor lacinia facilisis. Praesent ante neque, imperdiet id laoreet at, consectetur et augue. Vestibulum ac nisi scelerisque, ullamcorper libero at, suscipit augue. Donec id erat eget augue bibendum aliquet in eget tortor.</p>\r\n\r\n<p>Aenean quis maximus nulla. Maecenas eu tortor facilisis, dictum ante sit amet, hendrerit ex. In laoreet iaculis ante, et molestie eros consequat eget. Suspendisse pellentesque eros massa, in porttitor ex viverra eu. Nullam faucibus posuere sem, eget facilisis augue pulvinar et. Praesent felis augue, facilisis eget massa sit amet, rhoncus ultrices diam. Proin venenatis vel felis et dictum. Morbi a convallis purus. Vestibulum luctus efficitur orci varius accumsan. Donec id nibh id odio euismod consequat ut at augue. Quisque imperdiet purus sem, ac consequat diam ultrices nec. Quisque posuere felis eget blandit cursus. Class aptent taciti sociosqu ad litora torquent per conubia nostra, per inceptos himenaeos. Phasellus sodales posuere nisl id suscipit. Donec ullamcorper mollis laoreet. Nullam interdum blandit mauris, quis sollicitudin lectus pellentesque ac.</p>\r\n\r\n<p>Donec urna orci, porta nec felis eu, vulputate dapibus magna. Integer quis purus id magna tempus scelerisque. Integer ac dolor a tortor mollis pellentesque. Aenean luctus tempus quam, vitae consequat est consectetur ac. Donec ultricies neque in neque blandit congue. Nam at ipsum tristique, dictum purus ac, lacinia lorem. Aliquam egestas purus ut urna rutrum bibendum. Duis eu mi eleifend, lobortis dolor eget, condimentum dui.</p>\r\n\r\n<p>Praesent nisi urna, hendrerit ac ultricies id, lacinia tincidunt felis. Vestibulum ante ipsum primis in faucibus orci luctus et ultrices posuere cubilia curae; Mauris aliquam, odio nec porttitor vulputate, lacus turpis scelerisque diam, sed rutrum magna tortor eget eros. Curabitur a pretium tortor. Suspendisse pharetra sed mi vitae ullamcorper. Ut convallis orci vitae nulla varius tempus. Aenean sit amet ullamcorper odio.</p>\r\n\r\n<p>Donec nec mauris vestibulum, pretium ex ut, ornare massa. Praesent non vehicula orci, at pellentesque risus. Nullam imperdiet odio eu ex consectetur egestas. Vestibulum pellentesque lorem eu erat ornare tempus. Aliquam blandit, nibh vel placerat mollis, nulla mi fringilla enim, nec iaculis augue metus volutpat dui. Class aptent taciti sociosqu ad litora torquent per conubia nostra, per inceptos himenaeos. Praesent vel velit posuere, sodales metus a, laoreet lacus. Nulla convallis eget libero id feugiat. Nam ultricies consequat dui nec egestas. Mauris non imperdiet lorem. Phasellus luctus lacus nec nibh fermentum, vel eleifend turpis accumsan. Proin libero enim, porttitor nec eros eget, pulvinar tempus quam. Pellentesque ultricies augue eu enim lacinia imperdiet.</p>", "content_en": "<p>Lorem ipsum dolor sit amet, consectetur adipiscing elit. Donec justo neque, condimentum sed pharetra id, finibus at mi. Aliquam facilisis, magna ut porta dapibus, orci purus eleifend nibh, sit amet posuere dolor odio vel libero. Suspendisse cursus tellus sed semper molestie. Quisque vehicula, ipsum vitae tempus semper, enim sapien tincidunt dolor, eget porttitor lacus odio non felis. Sed egestas sapien augue, ut tempor lectus iaculis non. Mauris vel ligula aliquam, tempor arcu nec, cursus purus. Ut bibendum sodales rhoncus. Quisque efficitur massa non dolor lacinia facilisis. Praesent ante neque, imperdiet id laoreet at, consectetur et augue. Vestibulum ac nisi scelerisque, ullamcorper libero at, suscipit augue. Donec id erat eget augue bibendum aliquet in eget tortor.</p>\r\n\r\n<p>Aenean quis maximus nulla. Maecenas eu tortor facilisis, dictum ante sit amet, hendrerit ex. In laoreet iaculis ante, et molestie eros consequat eget. Suspendisse pellentesque eros massa, in porttitor ex viverra eu. Nullam faucibus posuere sem, eget facilisis augue pulvinar et. Praesent felis augue, facilisis eget massa sit amet, rhoncus ultrices diam. Proin venenatis vel felis et dictum. Morbi a convallis purus. Vestibulum luctus efficitur orci varius accumsan. Donec id nibh id odio euismod consequat ut at augue. Quisque imperdiet purus sem, ac consequat diam ultrices nec. Quisque posuere felis eget blandit cursus. Class aptent taciti sociosqu ad litora torquent per conubia nostra, per inceptos himenaeos. Phasellus sodales posuere nisl id suscipit. Donec ullamcorper mollis laoreet. Nullam interdum blandit mauris, quis sollicitudin lectus pellentesque ac.</p>\r\n\r\n<p>Donec urna orci, porta nec felis eu, vulputate dapibus magna. Integer quis purus id magna tempus scelerisque. Integer ac dolor a tortor mollis pellentesque. Aenean luctus tempus quam, vitae consequat est consectetur ac. Donec ultricies neque in neque blandit congue. Nam at ipsum tristique, dictum purus ac, lacinia lorem. Aliquam egestas purus ut urna rutrum bibendum. Duis eu mi eleifend, lobortis dolor eget, condimentum dui.</p>\r\n\r\n<p>Praesent nisi urna, hendrerit ac ultricies id, lacinia tincidunt felis. Vestibulum ante ipsum primis in faucibus orci luctus et ultrices posuere cubilia curae; Mauris aliquam, odio nec porttitor vulputate, lacus turpis scelerisque diam, sed rutrum magna tortor eget eros. Curabitur a pretium tortor. Suspendisse pharetra sed mi vitae ullamcorper. Ut convallis orci vitae nulla varius tempus. Aenean sit amet ullamcorper odio.</p>\r\n\r\n<p>Donec nec mauris vestibulum, pretium ex ut, ornare massa. Praesent non vehicula orci, at pellentesque risus. Nullam imperdiet odio eu ex consectetur egestas. Vestibulum pellentesque lorem eu erat ornare tempus. Aliquam blandit, nibh vel placerat mollis, nulla mi fringilla enim, nec iaculis augue metus volutpat dui. Class aptent taciti sociosqu ad litora torquent per conubia nostra, per inceptos himenaeos. Praesent vel velit posuere, sodales metus a, laoreet lacus. Nulla convallis eget libero id feugiat. Nam ultricies consequat dui nec egestas. Mauris non imperdiet lorem. Phasellus luctus lacus nec nibh fermentum, vel eleifend turpis accumsan. Proin libero enim, porttitor nec eros eget, pulvinar tempus quam. Pellentesque ultricies augue eu enim lacinia imperdiet.</p>", "content_ind": "<p>Lorem ipsum dolor sit amet, consectetur adipiscing elit. Donec justo neque, condimentum sed pharetra id, finibus at mi. Aliquam facilisis, magna ut porta dapibus, orci purus eleifend nibh, sit amet posuere dolor odio vel libero. Suspendisse cursus tellus sed semper molestie. Quisque vehicula, ipsum vitae tempus semper, enim sapien tincidunt dolor, eget porttitor lacus odio non felis. Sed egestas sapien augue, ut tempor lectus iaculis non. Mauris vel ligula aliquam, tempor arcu nec, cursus purus. Ut bibendum sodales rhoncus. Quisque efficitur massa non dolor lacinia facilisis. Praesent ante neque, imperdiet id laoreet at, consectetur et augue. Vestibulum ac nisi scelerisque, ullamcorper libero at, suscipit augue. Donec id erat eget augue bibendum aliquet in eget tortor.</p>\r\n\r\n<p>Aenean quis maximus nulla. Maecenas eu tortor facilisis, dictum ante sit amet, hendrerit ex. In laoreet iaculis ante, et molestie eros consequat eget. Suspendisse pellentesque eros massa, in porttitor ex viverra eu. Nullam faucibus posuere sem, eget facilisis augue pulvinar et. Praesent felis augue, facilisis eget massa sit amet, rhoncus ultrices diam. Proin venenatis vel felis et dictum. Morbi a convallis purus. Vestibulum luctus efficitur orci varius accumsan. Donec id nibh id odio euismod consequat ut at augue. Quisque imperdiet purus sem, ac consequat diam ultrices nec. Quisque posuere felis eget blandit cursus. Class aptent taciti sociosqu ad litora torquent per conubia nostra, per inceptos himenaeos. Phasellus sodales posuere nisl id suscipit. Donec ullamcorper mollis laoreet. Nullam interdum blandit mauris, quis sollicitudin lectus pellentesque ac.</p>\r\n\r\n<p>Donec urna orci, porta nec felis eu, vulputate dapibus magna. Integer quis purus id magna tempus scelerisque. Integer ac dolor a tortor mollis pellentesque. Aenean luctus tempus quam, vitae consequat est consectetur ac. Donec ultricies neque in neque blandit congue. Nam at ipsum tristique, dictum purus ac, lacinia lorem. Aliquam egestas purus ut urna rutrum bibendum. Duis eu mi eleifend, lobortis dolor eget, condimentum dui.</p>\r\n\r\n<p>Praesent nisi urna, hendrerit ac ultricies id, lacinia tincidunt felis. Vestibulum ante ipsum primis in faucibus orci luctus et ultrices posuere cubilia curae; Mauris aliquam, odio nec porttitor vulputate, lacus turpis scelerisque diam, sed rutrum magna tortor eget eros. Curabitur a pretium tortor. Suspendisse pharetra sed mi vitae ullamcorper. Ut convallis orci vitae nulla varius tempus. Aenean sit amet ullamcorper odio.</p>\r\n\r\n<p>Donec nec mauris vestibulum, pretium ex ut, ornare massa. Praesent non vehicula orci, at pellentesque risus. Nullam imperdiet odio eu ex consectetur egestas. Vestibulum pellentesque lorem eu erat ornare tempus. Aliquam blandit, nibh vel placerat mollis, nulla mi fringilla enim, nec iaculis augue metus volutpat dui. Class aptent taciti sociosqu ad litora torquent per conubia nostra, per inceptos himenaeos. Praesent vel velit posuere, sodales metus a, laoreet lacus. Nulla convallis eget libero id feugiat. Nam ultricies consequat dui nec egestas. Mauris non imperdiet lorem. Phasellus luctus lacus nec nibh fermentum, vel eleifend turpis accumsan. Proin libero enim, porttitor nec eros eget, pulvinar tempus quam. Pellentesque ultricies augue eu enim lacinia imperdiet.</p>", "pub_date": "2021-08-22T04:51:39Z", "date_created": "2021-08-22T04:53:05.451Z", "date_updated": "2021-08-22T05:02:56.928Z", "author": 1, "like_count": 1, "status": true, "views": 1, "count_words": "477", "read_time": "3", "deleted": false, "favourites": [8], "likes": [8]}}, {"model": "blog.post", "pk": 7, "fields": {"title": "Django eCommerce with Oscar", "title_en": "Django eCommerce with Oscar", "title_ind": "Django Niaga dengan Paket Oscar", "slug": "django-ecommerce-with-oscar", "category": 2, "image": "posts/08-22-2021/article-1.jpg", "image_credit": null, "excerpt": "Praesent nisi urna, hendrerit ac ultricies id, lacinia tincidunt felis. Vestibulum ante ipsum primis in faucibus orci luctus et ultrices posuere cubilia curae; Mauris aliquam, odio nec porttitor vulputate, lacus turpis scelerisque", "excerpt_en": "Praesent nisi urna, hendrerit ac ultricies id, lacinia tincidunt felis. Vestibulum ante ipsum primis in faucibus orci luctus et ultrices posuere cubilia curae; Mauris aliquam, odio nec porttitor vulputate, lacus turpis scelerisque", "excerpt_ind": "Praesent nisi urna, hendrerit ac ultricies id, lacinia tincidunt felis. Vestibulum ante ipsum primis in faucibus orci luctus et ultrices posuere cubilia curae; Mauris aliquam, odio nec porttitor vulputate, lacus turpis scelerisque", "content": "<p>Lorem ipsum dolor sit amet, consectetur adipiscing elit. Donec justo neque, condimentum sed pharetra id, finibus at mi. Aliquam facilisis, magna ut porta dapibus, orci purus eleifend nibh, sit amet posuere dolor odio vel libero. Suspendisse cursus tellus sed semper molestie. Quisque vehicula, ipsum vitae tempus semper, enim sapien tincidunt dolor, eget porttitor lacus odio non felis. Sed egestas sapien augue, ut tempor lectus iaculis non. Mauris vel ligula aliquam, tempor arcu nec, cursus purus. Ut bibendum sodales rhoncus. Quisque efficitur massa non dolor lacinia facilisis. Praesent ante neque, imperdiet id laoreet at, consectetur et augue. Vestibulum ac nisi scelerisque, ullamcorper libero at, suscipit augue. Donec id erat eget augue bibendum aliquet in eget tortor.</p>\r\n\r\n<p>Aenean quis maximus nulla. Maecenas eu tortor facilisis, dictum ante sit amet, hendrerit ex. In laoreet iaculis ante, et molestie eros consequat eget. Suspendisse pellentesque eros massa, in porttitor ex viverra eu. Nullam faucibus posuere sem, eget facilisis augue pulvinar et. Praesent felis augue, facilisis eget massa sit amet, rhoncus ultrices diam. Proin venenatis vel felis et dictum. Morbi a convallis purus. Vestibulum luctus efficitur orci varius accumsan. Donec id nibh id odio euismod consequat ut at augue. Quisque imperdiet purus sem, ac consequat diam ultrices nec. Quisque posuere felis eget blandit cursus. Class aptent taciti sociosqu ad litora torquent per conubia nostra, per inceptos himenaeos. Phasellus sodales posuere nisl id suscipit. Donec ullamcorper mollis laoreet. Nullam interdum blandit mauris, quis sollicitudin lectus pellentesque ac.</p>\r\n\r\n<p>Donec urna orci, porta nec felis eu, vulputate dapibus magna. Integer quis purus id magna tempus scelerisque. Integer ac dolor a tortor mollis pellentesque. Aenean luctus tempus quam, vitae consequat est consectetur ac. Donec ultricies neque in neque blandit congue. Nam at ipsum tristique, dictum purus ac, lacinia lorem. Aliquam egestas purus ut urna rutrum bibendum. Duis eu mi eleifend, lobortis dolor eget, condimentum dui.</p>\r\n\r\n<p>Praesent nisi urna, hendrerit ac ultricies id, lacinia tincidunt felis. Vestibulum ante ipsum primis in faucibus orci luctus et ultrices posuere cubilia curae; Mauris aliquam, odio nec porttitor vulputate, lacus turpis scelerisque diam, sed rutrum magna tortor eget eros. Curabitur a pretium tortor. Suspendisse pharetra sed mi vitae ullamcorper. Ut convallis orci vitae nulla varius tempus. Aenean sit amet ullamcorper odio.</p>\r\n\r\n<p><img alt=\"\" src=\"/media/posts/ckeditor/2021/08/22/article-3_dN0zuAz.jpg\" style=\"height:100%; width:100%\" /></p>\r\n\r\n<p>Donec nec mauris vestibulum, pretium ex ut, ornare massa. Praesent non vehicula orci, at pellentesque risus. Nullam imperdiet odio eu ex consectetur egestas. Vestibulum pellentesque lorem eu erat ornare tempus. Aliquam blandit, nibh vel placerat mollis, nulla mi fringilla enim, nec iaculis augue metus volutpat dui. Class aptent taciti sociosqu ad litora torquent per conubia nostra, per inceptos himenaeos. Praesent vel velit posuere, sodales metus a, laoreet lacus. Nulla convallis eget libero id feugiat. Nam ultricies consequat dui nec egestas. Mauris non imperdiet lorem. Phasellus luctus lacus nec nibh fermentum, vel eleifend turpis accumsan. Proin libero enim, porttitor nec eros eget, pulvinar tempus quam. Pellentesque ultricies augue eu enim lacinia imperdiet.</p>", "content_en": "<p>Lorem ipsum dolor sit amet, consectetur adipiscing elit. Donec justo neque, condimentum sed pharetra id, finibus at mi. Aliquam facilisis, magna ut porta dapibus, orci purus eleifend nibh, sit amet posuere dolor odio vel libero. Suspendisse cursus tellus sed semper molestie. Quisque vehicula, ipsum vitae tempus semper, enim sapien tincidunt dolor, eget porttitor lacus odio non felis. Sed egestas sapien augue, ut tempor lectus iaculis non. Mauris vel ligula aliquam, tempor arcu nec, cursus purus. Ut bibendum sodales rhoncus. Quisque efficitur massa non dolor lacinia facilisis. Praesent ante neque, imperdiet id laoreet at, consectetur et augue. Vestibulum ac nisi scelerisque, ullamcorper libero at, suscipit augue. Donec id erat eget augue bibendum aliquet in eget tortor.</p>\r\n\r\n<p>Aenean quis maximus nulla. Maecenas eu tortor facilisis, dictum ante sit amet, hendrerit ex. In laoreet iaculis ante, et molestie eros consequat eget. Suspendisse pellentesque eros massa, in porttitor ex viverra eu. Nullam faucibus posuere sem, eget facilisis augue pulvinar et. Praesent felis augue, facilisis eget massa sit amet, rhoncus ultrices diam. Proin venenatis vel felis et dictum. Morbi a convallis purus. Vestibulum luctus efficitur orci varius accumsan. Donec id nibh id odio euismod consequat ut at augue. Quisque imperdiet purus sem, ac consequat diam ultrices nec. Quisque posuere felis eget blandit cursus. Class aptent taciti sociosqu ad litora torquent per conubia nostra, per inceptos himenaeos. Phasellus sodales posuere nisl id suscipit. Donec ullamcorper mollis laoreet. Nullam interdum blandit mauris, quis sollicitudin lectus pellentesque ac.</p>\r\n\r\n<p>Donec urna orci, porta nec felis eu, vulputate dapibus magna. Integer quis purus id magna tempus scelerisque. Integer ac dolor a tortor mollis pellentesque. Aenean luctus tempus quam, vitae consequat est consectetur ac. Donec ultricies neque in neque blandit congue. Nam at ipsum tristique, dictum purus ac, lacinia lorem. Aliquam egestas purus ut urna rutrum bibendum. Duis eu mi eleifend, lobortis dolor eget, condimentum dui.</p>\r\n\r\n<p>Praesent nisi urna, hendrerit ac ultricies id, lacinia tincidunt felis. Vestibulum ante ipsum primis in faucibus orci luctus et ultrices posuere cubilia curae; Mauris aliquam, odio nec porttitor vulputate, lacus turpis scelerisque diam, sed rutrum magna tortor eget eros. Curabitur a pretium tortor. Suspendisse pharetra sed mi vitae ullamcorper. Ut convallis orci vitae nulla varius tempus. Aenean sit amet ullamcorper odio.</p>\r\n\r\n<p><img alt=\"\" src=\"/media/posts/ckeditor/2021/08/22/article-3_dN0zuAz.jpg\" style=\"height:100%; width:100%\" /></p>\r\n\r\n<p>Donec nec mauris vestibulum, pretium ex ut, ornare massa. Praesent non vehicula orci, at pellentesque risus. Nullam imperdiet odio eu ex consectetur egestas. Vestibulum pellentesque lorem eu erat ornare tempus. Aliquam blandit, nibh vel placerat mollis, nulla mi fringilla enim, nec iaculis augue metus volutpat dui. Class aptent taciti sociosqu ad litora torquent per conubia nostra, per inceptos himenaeos. Praesent vel velit posuere, sodales metus a, laoreet lacus. Nulla convallis eget libero id feugiat. Nam ultricies consequat dui nec egestas. Mauris non imperdiet lorem. Phasellus luctus lacus nec nibh fermentum, vel eleifend turpis accumsan. Proin libero enim, porttitor nec eros eget, pulvinar tempus quam. Pellentesque ultricies augue eu enim lacinia imperdiet.</p>", "content_ind": "<p>Lorem ipsum dolor sit amet, consectetur adipiscing elit. Donec justo neque, condimentum sed pharetra id, finibus at mi. Aliquam facilisis, magna ut porta dapibus, orci purus eleifend nibh, sit amet posuere dolor odio vel libero. Suspendisse cursus tellus sed semper molestie. Quisque vehicula, ipsum vitae tempus semper, enim sapien tincidunt dolor, eget porttitor lacus odio non felis. Sed egestas sapien augue, ut tempor lectus iaculis non. Mauris vel ligula aliquam, tempor arcu nec, cursus purus. Ut bibendum sodales rhoncus. Quisque efficitur massa non dolor lacinia facilisis. Praesent ante neque, imperdiet id laoreet at, consectetur et augue. Vestibulum ac nisi scelerisque, ullamcorper libero at, suscipit augue. Donec id erat eget augue bibendum aliquet in eget tortor.</p>\r\n\r\n<p>Aenean quis maximus nulla. Maecenas eu tortor facilisis, dictum ante sit amet, hendrerit ex. In laoreet iaculis ante, et molestie eros consequat eget. Suspendisse pellentesque eros massa, in porttitor ex viverra eu. Nullam faucibus posuere sem, eget facilisis augue pulvinar et. Praesent felis augue, facilisis eget massa sit amet, rhoncus ultrices diam. Proin venenatis vel felis et dictum. Morbi a convallis purus. Vestibulum luctus efficitur orci varius accumsan. Donec id nibh id odio euismod consequat ut at augue. Quisque imperdiet purus sem, ac consequat diam ultrices nec. Quisque posuere felis eget blandit cursus. Class aptent taciti sociosqu ad litora torquent per conubia nostra, per inceptos himenaeos. Phasellus sodales posuere nisl id suscipit. Donec ullamcorper mollis laoreet. Nullam interdum blandit mauris, quis sollicitudin lectus pellentesque ac.</p>\r\n\r\n<p>Donec urna orci, porta nec felis eu, vulputate dapibus magna. Integer quis purus id magna tempus scelerisque. Integer ac dolor a tortor mollis pellentesque. Aenean luctus tempus quam, vitae consequat est consectetur ac. Donec ultricies neque in neque blandit congue. Nam at ipsum tristique, dictum purus ac, lacinia lorem. Aliquam egestas purus ut urna rutrum bibendum. Duis eu mi eleifend, lobortis dolor eget, condimentum dui.</p>\r\n\r\n<p>Praesent nisi urna, hendrerit ac ultricies id, lacinia tincidunt felis. Vestibulum ante ipsum primis in faucibus orci luctus et ultrices posuere cubilia curae; Mauris aliquam, odio nec porttitor vulputate, lacus turpis scelerisque diam, sed rutrum magna tortor eget eros. Curabitur a pretium tortor. Suspendisse pharetra sed mi vitae ullamcorper. Ut convallis orci vitae nulla varius tempus. Aenean sit amet ullamcorper odio.</p>\r\n\r\n<p><img alt=\"\" src=\"/media/posts/ckeditor/2021/08/22/article-3_zT32s2T.jpg\" style=\"height:100%; width:100%\" /></p>\r\n\r\n<p>Donec nec mauris vestibulum, pretium ex ut, ornare massa. Praesent non vehicula orci, at pellentesque risus. Nullam imperdiet odio eu ex consectetur egestas. Vestibulum pellentesque lorem eu erat ornare tempus. Aliquam blandit, nibh vel placerat mollis, nulla mi fringilla enim, nec iaculis augue metus volutpat dui. Class aptent taciti sociosqu ad litora torquent per conubia nostra, per inceptos himenaeos. Praesent vel velit posuere, sodales metus a, laoreet lacus. Nulla convallis eget libero id feugiat. Nam ultricies consequat dui nec egestas. Mauris non imperdiet lorem. Phasellus luctus lacus nec nibh fermentum, vel eleifend turpis accumsan. Proin libero enim, porttitor nec eros eget, pulvinar tempus quam. Pellentesque ultricies augue eu enim lacinia imperdiet.</p>", "pub_date": "2021-08-22T04:53:10Z", "date_created": "2021-08-22T04:56:22.962Z", "date_updated": "2021-08-24T08:24:22.996Z", "author": 1, "like_count": 4, "status": true, "views": 25, "count_words": "477", "read_time": "3", "deleted": false, "favourites": [1, 8, 10], "likes": [1, 8, 10]}}, {"model": "blog.post", "pk": 8, "fields": {"title": "Django Selenium", "title_en": "Django Selenium", "title_ind": "Django Selenium", "slug": "django-selenium", "category": 2, "image": "", "image_credit": "carbon.png", "excerpt": "Donec nec mauris vestibulum, pretium ex ut, ornare massa. Praesent non vehicula orci, at pellentesque risus. Nullam imperdiet odio eu ex consectetur egestas.", "excerpt_en": "Donec nec mauris vestibulum, pretium ex ut, ornare massa. Praesent non vehicula orci, at pellentesque risus. Nullam imperdiet odio eu ex consectetur egestas.", "excerpt_ind": "Donec nec mauris vestibulum, pretium ex ut, ornare massa. Praesent non vehicula orci, at pellentesque risus. Nullam imperdiet odio eu ex consectetur egestas.", "content": "<p>Lorem ipsum dolor sit amet, consectetur adipiscing elit. Donec justo neque, condimentum sed pharetra id, finibus at mi. Aliquam facilisis, magna ut porta dapibus, orci purus eleifend nibh, sit amet posuere dolor odio vel libero. Suspendisse cursus tellus sed semper molestie. Quisque vehicula, ipsum vitae tempus semper, enim sapien tincidunt dolor, eget porttitor lacus odio non felis. Sed egestas sapien augue, ut tempor lectus iaculis non. Mauris vel ligula aliquam, tempor arcu nec, cursus purus. Ut bibendum sodales rhoncus. Quisque efficitur massa non dolor lacinia facilisis. Praesent ante neque, imperdiet id laoreet at, consectetur et augue. Vestibulum ac nisi scelerisque, ullamcorper libero at, suscipit augue. Donec id erat eget augue bibendum aliquet in eget tortor.</p>\r\n\r\n<p>Aenean quis maximus nulla. Maecenas eu tortor facilisis, dictum ante sit amet, hendrerit ex. In laoreet iaculis ante, et molestie eros consequat eget. Suspendisse pellentesque eros massa, in porttitor ex viverra eu. Nullam faucibus posuere sem, eget facilisis augue pulvinar et. Praesent felis augue, facilisis eget massa sit amet, rhoncus ultrices diam. Proin venenatis vel felis et dictum. Morbi a convallis purus. Vestibulum luctus efficitur orci varius accumsan. Donec id nibh id odio euismod consequat ut at augue. Quisque imperdiet purus sem, ac consequat diam ultrices nec. Quisque posuere felis eget blandit cursus. Class aptent taciti sociosqu ad litora torquent per conubia nostra, per inceptos himenaeos. Phasellus sodales posuere nisl id suscipit. Donec ullamcorper mollis laoreet. Nullam interdum blandit mauris, quis sollicitudin lectus pellentesque ac.</p>\r\n\r\n<pre>\r\n<code class=\"language-css\">// Lorem ipsum dolor sit amet, consectetur adipisicing elit. Beatae similique, sit, enim saepe quasi amet voluptate doloribus, explicabo quo, quisquam nostrum. Ipsa in voluptatibus, \r\n.post-title {\r\nmargin: 0 0 5px;\r\nfont-weight: bold;\r\nfont-size: 38px;\r\nline-height: 1.2; }</code></pre>\r\n\r\n<p>Donec urna orci, porta nec felis eu, vulputate dapibus magna. Integer quis purus id magna tempus scelerisque. Integer ac dolor a tortor mollis pellentesque. Aenean luctus tempus quam, vitae consequat est consectetur ac. Donec ultricies neque in neque blandit congue. Nam at ipsum tristique, dictum purus ac, lacinia lorem. Aliquam egestas purus ut urna rutrum bibendum. Duis eu mi eleifend, lobortis dolor eget, condimentum dui.</p>\r\n\r\n<p>Praesent nisi urna, hendrerit ac ultricies id, lacinia tincidunt felis. Vestibulum ante ipsum primis in faucibus orci luctus et ultrices posuere cubilia curae; Mauris aliquam, odio nec porttitor vulputate, lacus turpis scelerisque diam, sed rutrum magna tortor eget eros. Curabitur a pretium tortor. Suspendisse pharetra sed mi vitae ullamcorper. Ut convallis orci vitae nulla varius tempus. Aenean sit amet ullamcorper odio.</p>\r\n\r\n<p>Donec nec mauris vestibulum, pretium ex ut, ornare massa. Praesent non vehicula orci, at pellentesque risus. Nullam imperdiet odio eu ex consectetur egestas. Vestibulum pellentesque lorem eu erat ornare tempus. Aliquam blandit, nibh vel placerat mollis, nulla mi fringilla enim, nec iaculis augue metus volutpat dui. Class aptent taciti sociosqu ad litora torquent per conubia nostra, per inceptos himenaeos. Praesent vel velit posuere, sodales metus a, laoreet lacus. Nulla convallis eget libero id feugiat. Nam ultricies consequat dui nec egestas. Mauris non imperdiet lorem. Phasellus luctus lacus nec nibh fermentum, vel eleifend turpis accumsan. Proin libero enim, porttitor nec eros eget, pulvinar tempus quam. Pellentesque ultricies augue eu enim lacinia imperdiet.</p>", "content_en": "<p>Lorem ipsum dolor sit amet, consectetur adipiscing elit. Donec justo neque, condimentum sed pharetra id, finibus at mi. Aliquam facilisis, magna ut porta dapibus, orci purus eleifend nibh, sit amet posuere dolor odio vel libero. Suspendisse cursus tellus sed semper molestie. Quisque vehicula, ipsum vitae tempus semper, enim sapien tincidunt dolor, eget porttitor lacus odio non felis. Sed egestas sapien augue, ut tempor lectus iaculis non. Mauris vel ligula aliquam, tempor arcu nec, cursus purus. Ut bibendum sodales rhoncus. Quisque efficitur massa non dolor lacinia facilisis. Praesent ante neque, imperdiet id laoreet at, consectetur et augue. Vestibulum ac nisi scelerisque, ullamcorper libero at, suscipit augue. Donec id erat eget augue bibendum aliquet in eget tortor.</p>\r\n\r\n<p>Aenean quis maximus nulla. Maecenas eu tortor facilisis, dictum ante sit amet, hendrerit ex. In laoreet iaculis ante, et molestie eros consequat eget. Suspendisse pellentesque eros massa, in porttitor ex viverra eu. Nullam faucibus posuere sem, eget facilisis augue pulvinar et. Praesent felis augue, facilisis eget massa sit amet, rhoncus ultrices diam. Proin venenatis vel felis et dictum. Morbi a convallis purus. Vestibulum luctus efficitur orci varius accumsan. Donec id nibh id odio euismod consequat ut at augue. Quisque imperdiet purus sem, ac consequat diam ultrices nec. Quisque posuere felis eget blandit cursus. Class aptent taciti sociosqu ad litora torquent per conubia nostra, per inceptos himenaeos. Phasellus sodales posuere nisl id suscipit. Donec ullamcorper mollis laoreet. Nullam interdum blandit mauris, quis sollicitudin lectus pellentesque ac.</p>\r\n\r\n<pre>\r\n<code class=\"language-css\">// Lorem ipsum dolor sit amet, consectetur adipisicing elit. Beatae similique, sit, enim saepe quasi amet voluptate doloribus, explicabo quo, quisquam nostrum. Ipsa in voluptatibus, \r\n.post-title {\r\nmargin: 0 0 5px;\r\nfont-weight: bold;\r\nfont-size: 38px;\r\nline-height: 1.2; }</code></pre>\r\n\r\n<p>Donec urna orci, porta nec felis eu, vulputate dapibus magna. Integer quis purus id magna tempus scelerisque. Integer ac dolor a tortor mollis pellentesque. Aenean luctus tempus quam, vitae consequat est consectetur ac. Donec ultricies neque in neque blandit congue. Nam at ipsum tristique, dictum purus ac, lacinia lorem. Aliquam egestas purus ut urna rutrum bibendum. Duis eu mi eleifend, lobortis dolor eget, condimentum dui.</p>\r\n\r\n<p>Praesent nisi urna, hendrerit ac ultricies id, lacinia tincidunt felis. Vestibulum ante ipsum primis in faucibus orci luctus et ultrices posuere cubilia curae; Mauris aliquam, odio nec porttitor vulputate, lacus turpis scelerisque diam, sed rutrum magna tortor eget eros. Curabitur a pretium tortor. Suspendisse pharetra sed mi vitae ullamcorper. Ut convallis orci vitae nulla varius tempus. Aenean sit amet ullamcorper odio.</p>\r\n\r\n<p>Donec nec mauris vestibulum, pretium ex ut, ornare massa. Praesent non vehicula orci, at pellentesque risus. Nullam imperdiet odio eu ex consectetur egestas. Vestibulum pellentesque lorem eu erat ornare tempus. Aliquam blandit, nibh vel placerat mollis, nulla mi fringilla enim, nec iaculis augue metus volutpat dui. Class aptent taciti sociosqu ad litora torquent per conubia nostra, per inceptos himenaeos. Praesent vel velit posuere, sodales metus a, laoreet lacus. Nulla convallis eget libero id feugiat. Nam ultricies consequat dui nec egestas. Mauris non imperdiet lorem. Phasellus luctus lacus nec nibh fermentum, vel eleifend turpis accumsan. Proin libero enim, porttitor nec eros eget, pulvinar tempus quam. Pellentesque ultricies augue eu enim lacinia imperdiet.</p>", "content_ind": "<p>Lorem ipsum dolor sit amet, consectetur adipiscing elit. Donec justo neque, condimentum sed pharetra id, finibus at mi. Aliquam facilisis, magna ut porta dapibus, orci purus eleifend nibh, sit amet posuere dolor odio vel libero. Suspendisse cursus tellus sed semper molestie. Quisque vehicula, ipsum vitae tempus semper, enim sapien tincidunt dolor, eget porttitor lacus odio non felis. Sed egestas sapien augue, ut tempor lectus iaculis non. Mauris vel ligula aliquam, tempor arcu nec, cursus purus. Ut bibendum sodales rhoncus. Quisque efficitur massa non dolor lacinia facilisis. Praesent ante neque, imperdiet id laoreet at, consectetur et augue. Vestibulum ac nisi scelerisque, ullamcorper libero at, suscipit augue. Donec id erat eget augue bibendum aliquet in eget tortor.</p>\r\n\r\n<p>Aenean quis maximus nulla. Maecenas eu tortor facilisis, dictum ante sit amet, hendrerit ex. In laoreet iaculis ante, et molestie eros consequat eget. Suspendisse pellentesque eros massa, in porttitor ex viverra eu. Nullam faucibus posuere sem, eget facilisis augue pulvinar et. Praesent felis augue, facilisis eget massa sit amet, rhoncus ultrices diam. Proin venenatis vel felis et dictum. Morbi a convallis purus. Vestibulum luctus efficitur orci varius accumsan. Donec id nibh id odio euismod consequat ut at augue. Quisque imperdiet purus sem, ac consequat diam ultrices nec. Quisque posuere felis eget blandit cursus. Class aptent taciti sociosqu ad litora torquent per conubia nostra, per inceptos himenaeos. Phasellus sodales posuere nisl id suscipit. Donec ullamcorper mollis laoreet. Nullam interdum blandit mauris, quis sollicitudin lectus pellentesque ac.</p>\r\n\r\n<pre>\r\n<code class=\"language-python\">\r\nfrom django.conf import settings\r\nfrom django.shortcuts import redirect\r\nfrom urllib.parse import urlencode\r\nfrom django.http import JsonResponse, request, response\r\n\r\nimport requests\r\nimport json\r\nimport datetime\r\n\r\n\r\ndef form_errors(*args):\r\n    \"\"\"\r\n    Handles form error that are passed back to AJAX calls\r\n    \"\"\"\r\n    message = \"\"\r\n    for f in args:\r\n        if f.errors:\r\n            message = f.errors.as_text()\r\n    return message\r\n\r\n\r\ndef recaptcha_validation(token):\r\n    \"\"\"recaptcha validation\"\"\"\r\n    result = requests.post(\r\n        'https://www.google.com/recaptcha/api/siteverify',\r\n        data={\r\n            'secret': settings.RECAPTCHA_PRIVATE_KEY,\r\n            'response': token\r\n        }\r\n    )\r\n    return result.json()\r\n\r\n\r\nclass AjaxFormMixin(object):\r\n    \"\"\"\r\n    Mixin to ajaxify django form - can be over written in view by calling form_valid method\r\n    \"\"\"\r\n\r\n    def form_invalid(self, form):\r\n        response = super(AjaxFormMixin, self).form_invalid(form)\r\n        if self.request.is_ajax():\r\n            message = form_errors(form)\r\n            return JsonResponse({'result': 'Error', 'message': message})\r\n        return response\r\n\r\n    def form_valid(self, form):\r\n        response = super(AjaxFormMixin, self).form_valid(form)\r\n        if self.request.is_ajax():\r\n            form.save()\r\n            return JsonResponse({\r\n                'result': 'Success',\r\n                'message': ''\r\n            })\r\n        return response\r\n\r\n\r\n</code></pre>\r\n\r\n<p>Donec urna orci, porta nec felis eu, vulputate dapibus magna. Integer quis purus id magna tempus scelerisque. Integer ac dolor a tortor mollis pellentesque. Aenean luctus tempus quam, vitae consequat est consectetur ac. Donec ultricies neque in neque blandit congue. Nam at ipsum tristique, dictum purus ac, lacinia lorem. Aliquam egestas purus ut urna rutrum bibendum. Duis eu mi eleifend, lobortis dolor eget, condimentum dui.</p>\r\n\r\n<p>Praesent nisi urna, hendrerit ac ultricies id, lacinia tincidunt felis. Vestibulum ante ipsum primis in faucibus orci luctus et ultrices posuere cubilia curae; Mauris aliquam, odio nec porttitor vulputate, lacus turpis scelerisque diam, sed rutrum magna tortor eget eros. Curabitur a pretium tortor. Suspendisse pharetra sed mi vitae ullamcorper. Ut convallis orci vitae nulla varius tempus. Aenean sit amet ullamcorper odio.</p>\r\n\r\n<p>Donec nec mauris vestibulum, pretium ex ut, ornare massa. Praesent non vehicula orci, at pellentesque risus. Nullam imperdiet odio eu ex consectetur egestas. Vestibulum pellentesque lorem eu erat ornare tempus. Aliquam blandit, nibh vel placerat mollis, nulla mi fringilla enim, nec iaculis augue metus volutpat dui. Class aptent taciti sociosqu ad litora torquent per conubia nostra, per inceptos himenaeos. Praesent vel velit posuere, sodales metus a, laoreet lacus. Nulla convallis eget libero id feugiat. Nam ultricies consequat dui nec egestas. Mauris non imperdiet lorem. Phasellus luctus lacus nec nibh fermentum, vel eleifend turpis accumsan. Proin libero enim, porttitor nec eros eget, pulvinar tempus quam. Pellentesque ultricies augue eu enim lacinia imperdiet.</p>", "pub_date": "2021-08-22T04:56:23Z", "date_created": "2021-08-22T04:59:12.733Z", "date_updated": "2021-08-24T09:56:55.974Z", "author": 1, "like_count": 3, "status": true, "views": 16, "count_words": "517", "read_time": "3", "deleted": false, "favourites": [8, 10], "likes": [1, 8, 10]}}, {"model": "blog.comment", "pk": 1, "fields": {"post": 3, "name": "Danang Haris Setiawan", "email": "mr.danangharissetiawan@gmail.com", "content": "hello", "parent": null, "pub_date": "2021-08-21T07:05:33.482Z", "status": true, "lft": 1, "rght": 34, "tree_id": 1, "level": 0}}, {"model": "blog.comment", "pk": 2, "fields": {"post": 2, "name": "Danang Haris Setiawan", "email": "mr.danangharissetiawan@gmail.com", "content": "test form", "parent": null, "pub_date": "2021-08-21T08:00:21.318Z", "status": true, "lft": 1, "rght": 8, "tree_id": 2, "level": 0}}, {"model": "blog.comment", "pk": 3, "fields": {"post": 2, "name": "Danang Haris Setiawan", "email": "mr.danangharissetiawan@gmail.com", "content": "ini baru", "parent": null, "pub_date": "2021-08-21T08:02:40.631Z", "status": true, "lft": 1, "rght": 4, "tree_id": 3, "level": 0}}, {"model": "blog.comment", "pk": 4, "fields": {"post": 2, "name": "Danang Haris Setiawan", "email": "mr.danangharissetiawan@gmail.com", "content": "ini lagi", "parent": 2, "pub_date": "2021-08-21T08:04:03.494Z", "status": true, "lft": 2, "rght": 3, "tree_id": 2, "level": 1}}, {"model": "blog.comment", "pk": 5, "fields": {"post": 2, "name": "Danang Haris Setiawan", "email": "mr.danangharissetiawan@gmail.com", "content": "ini komentar terbaru", "parent": null, "pub_date": "2021-08-21T08:10:42.318Z", "status": true, "lft": 1, "rght": 2, "tree_id": 4, "level": 0}}, {"model": "blog.comment", "pk": 6, "fields": {"post": 2, "name": "Danang Haris Setiawan", "email": "mr.danangharissetiawan@gmail.com", "content": "hello ini komentar terbaru poll", "parent": null, "pub_date": "2021-08-21T08:13:02.469Z", "status": true, "lft": 1, "rght": 2, "tree_id": 5, "level": 0}}, {"model": "blog.comment", "pk": 7, "fields": {"post": 2, "name": "Danang Haris Setiawan", "email": "mr.danangharissetiawan@gmail.com", "content": "1", "parent": null, "pub_date": "2021-08-21T08:14:22.819Z", "status": true, "lft": 1, "rght": 2, "tree_id": 6, "level": 0}}, {"model": "blog.comment", "pk": 8, "fields": {"post": 2, "name": "Danang Haris Setiawan", "email": "mr.danangharissetiawan@gmail.com", "content": "aadaad", "parent": null, "pub_date": "2021-08-21T08:15:47.502Z", "status": true, "lft": 1, "rght": 2, "tree_id": 7, "level": 0}}, {"model": "blog.comment", "pk": 9, "fields": {"post": 2, "name": "Danang Haris Setiawan", "email": "mr.danangharissetiawan@gmail.com", "content": "sdsd", "parent": null, "pub_date": "2021-08-21T08:17:01.058Z", "status": true, "lft": 1, "rght": 2, "tree_id": 8, "level": 0}}, {"model": "blog.comment", "pk": 10, "fields": {"post": 2, "name": "Danang Haris Setiawan", "email": "mr.danangharissetiawan@gmail.com", "content": "3123313", "parent": null, "pub_date": "2021-08-21T08:18:30.055Z", "status": true, "lft": 1, "rght": 2, "tree_id": 9, "level": 0}}, {"model": "blog.comment", "pk": 11, "fields": {"post": 2, "name": "Danang Haris Setiawan", "email": "mr.danangharissetiawan@gmail.com", "content": "sdfsdfsdfsdf", "parent": null, "pub_date": "2021-08-21T08:19:29.655Z", "status": true, "lft": 1, "rght": 2, "tree_id": 10, "level": 0}}, {"model": "blog.comment", "pk": 12, "fields": {"post": 2, "name": "Danang Haris Setiawan", "email": "mr.danangharissetiawan@gmail.com", "content": "adafdfadf", "parent": null, "pub_date": "2021-08-21T08:19:44.258Z", "status": true, "lft": 1, "rght": 2, "tree_id": 11, "level": 0}}, {"model": "blog.comment", "pk": 13, "fields": {"post": 2, "name": "Danang Haris Setiawan", "email": "mr.danangharissetiawan@gmail.com", "content": "sadadasdasd", "parent": 3, "pub_date": "2021-08-21T08:23:47.231Z", "status": true, "lft": 2, "rght": 3, "tree_id": 3, "level": 1}}, {"model": "blog.comment", "pk": 14, "fields": {"post": 2, "name": "Danang Haris Setiawan", "email": "mr.danangharissetiawan@gmail.com", "content": "asdfafasdfas", "parent": 2, "pub_date": "2021-08-21T08:24:21.976Z", "status": true, "lft": 4, "rght": 5, "tree_id": 2, "level": 1}}, {"model": "blog.comment", "pk": 15, "fields": {"post": 1, "name": "Danang Haris Setiawan", "email": "mr.danangharissetiawan@gmail.com", "content": "rtyw3456345", "parent": null, "pub_date": "2021-08-21T08:24:43.970Z", "status": true, "lft": 1, "rght": 4, "tree_id": 12, "level": 0}}, {"model": "blog.comment", "pk": 16, "fields": {"post": 1, "name": "Danang Haris Setiawan", "email": "mr.danangharissetiawan@gmail.com", "content": "oiuoiuoiuoi", "parent": null, "pub_date": "2021-08-21T08:25:28.858Z", "status": true, "lft": 1, "rght": 2, "tree_id": 13, "level": 0}}, {"model": "blog.comment", "pk": 17, "fields": {"post": 3, "name": "Danang Haris Setiawan", "email": "mr.danangharissetiawan@gmail.com", "content": "knmlkmlk", "parent": null, "pub_date": "2021-08-21T17:24:24.396Z", "status": true, "lft": 1, "rght": 6, "tree_id": 14, "level": 0}}, {"model": "blog.comment", "pk": 18, "fields": {"post": 3, "name": "Danang Haris Setiawan", "email": "mr.danangharissetiawan@gmail.com", "content": "ppppppp", "parent": null, "pub_date": "2021-08-21T17:25:41.071Z", "status": true, "lft": 1, "rght": 2, "tree_id": 15, "level": 0}}, {"model": "blog.comment", "pk": 19, "fields": {"post": 3, "name": "Danang Haris Setiawan", "email": "mr.danangharissetiawan@gmail.com", "content": "adadfadfasdf", "parent": null, "pub_date": "2021-08-21T17:29:48.414Z", "status": true, "lft": 1, "rght": 8, "tree_id": 16, "level": 0}}, {"model": "blog.comment", "pk": 20, "fields": {"post": 3, "name": "Danang Haris Setiawan", "email": "mr.danangharissetiawan@gmail.com", "content": "sdfdf", "parent": null, "pub_date": "2021-08-21T17:30:41.318Z", "status": true, "lft": 1, "rght": 4, "tree_id": 17, "level": 0}}, {"model": "blog.comment", "pk": 21, "fields": {"post": 3, "name": "Danang Haris Setiawan", "email": "mr.danangharissetiawan@gmail.com", "content": "aaaaaaa", "parent": null, "pub_date": "2021-08-21T17:31:50.727Z", "status": true, "lft": 1, "rght": 2, "tree_id": 18, "level": 0}}, {"model": "blog.comment", "pk": 22, "fields": {"post": 3, "name": "Danang Haris Setiawan", "email": "mr.danangharissetiawan@gmail.com", "content": "aaaaaaa", "parent": null, "pub_date": "2021-08-21T17:32:15.850Z", "status": true, "lft": 1, "rght": 2, "tree_id": 19, "level": 0}}, {"model": "blog.comment", "pk": 23, "fields": {"post": 3, "name": "Danang Haris Setiawan", "email": "mr.danangharissetiawan@gmail.com", "content": "poipoi", "parent": 1, "pub_date": "2021-08-21T17:32:26.280Z", "status": true, "lft": 2, "rght": 3, "tree_id": 1, "level": 1}}, {"model": "blog.comment", "pk": 24, "fields": {"post": 3, "name": "Danang Haris Setiawan", "email": "mr.danangharissetiawan@gmail.com", "content": "0909090", "parent": null, "pub_date": "2021-08-21T17:33:14.169Z", "status": true, "lft": 1, "rght": 2, "tree_id": 20, "level": 0}}, {"model": "blog.comment", "pk": 25, "fields": {"post": 3, "name": "Danang Haris Setiawan", "email": "mr.danangharissetiawan@gmail.com", "content": "ihiuyiuyiu", "parent": null, "pub_date": "2021-08-21T17:34:27.717Z", "status": true, "lft": 1, "rght": 2, "tree_id": 21, "level": 0}}, {"model": "blog.comment", "pk": 26, "fields": {"post": 3, "name": "Danang Haris Setiawan", "email": "mr.danangharissetiawan@gmail.com", "content": "aadfadfadsdf", "parent": null, "pub_date": "2021-08-21T17:36:04.202Z", "status": true, "lft": 1, "rght": 2, "tree_id": 22, "level": 0}}, {"model": "blog.comment", "pk": 27, "fields": {"post": 3, "name": "Danang Haris Setiawan", "email": "mr.danangharissetiawan@gmail.com", "content": "3rewrwrwr", "parent": null, "pub_date": "2021-08-21T17:36:51.295Z", "status": true, "lft": 1, "rght": 2, "tree_id": 23, "level": 0}}, {"model": "blog.comment", "pk": 28, "fields": {"post": 3, "name": "o[kpokop", "email": "mr.danangharissetiawan@gmail.com", "content": "opkpokpok", "parent": null, "pub_date": "2021-08-21T17:37:29.826Z", "status": true, "lft": 1, "rght": 4, "tree_id": 24, "level": 0}}, {"model": "blog.comment", "pk": 29, "fields": {"post": 3, "name": "Danang Haris Setiawan", "email": "mr.danangharissetiawan@gmail.com", "content": "adsfadaf", "parent": 19, "pub_date": "2021-08-21T17:38:35.332Z", "status": true, "lft": 2, "rght": 3, "tree_id": 16, "level": 1}}, {"model": "blog.comment", "pk": 30, "fields": {"post": 3, "name": "Danang Haris Setiawan", "email": "mr.danangharissetiawan@gmail.com", "content": "errererer", "parent": 19, "pub_date": "2021-08-21T17:41:55.433Z", "status": true, "lft": 4, "rght": 5, "tree_id": 16, "level": 1}}, {"model": "blog.comment", "pk": 31, "fields": {"post": 3, "name": "Danang Haris Setiawan", "email": "mr.danangharissetiawan@gmail.com", "content": "assssssss", "parent": 20, "pub_date": "2021-08-21T17:43:39.535Z", "status": true, "lft": 2, "rght": 3, "tree_id": 17, "level": 1}}, {"model": "blog.comment", "pk": 32, "fields": {"post": 3, "name": "Danang Haris Setiawan", "email": "mr.danangharissetiawan@gmail.com", "content": "adfadfdasfasf", "parent": null, "pub_date": "2021-08-21T17:46:12.488Z", "status": true, "lft": 1, "rght": 2, "tree_id": 25, "level": 0}}, {"model": "blog.comment", "pk": 33, "fields": {"post": 3, "name": "adf", "email": "mr.danangharissetiawan@gmail.com", "content": "adfafaddf", "parent": 19, "pub_date": "2021-08-21T17:46:24.571Z", "status": true, "lft": 6, "rght": 7, "tree_id": 16, "level": 1}}, {"model": "blog.comment", "pk": 34, "fields": {"post": 3, "name": "Danang Haris Setiawan", "email": "mr.danangharissetiawan@gmail.com", "content": "action=\"{% url 'blog:detail' post.slug %}\"", "parent": 1, "pub_date": "2021-08-21T17:52:05.272Z", "status": true, "lft": 4, "rght": 5, "tree_id": 1, "level": 1}}, {"model": "blog.comment", "pk": 35, "fields": {"post": 3, "name": "Danang Haris Setiawan", "email": "mr.danangharissetiawan@gmail.com", "content": "fgdfgdfgfdg", "parent": 28, "pub_date": "2021-08-21T17:55:04.069Z", "status": true, "lft": 2, "rght": 3, "tree_id": 24, "level": 1}}, {"model": "blog.comment", "pk": 36, "fields": {"post": 3, "name": "Danang Haris Setiawan", "email": "mr.danangharissetiawan@gmail.com", "content": "adfadf", "parent": 1, "pub_date": "2021-08-21T17:55:53.145Z", "status": true, "lft": 6, "rght": 7, "tree_id": 1, "level": 1}}, {"model": "blog.comment", "pk": 37, "fields": {"post": 3, "name": "Danang Haris Setiawan", "email": "mr.danangharissetiawan@gmail.com", "content": "hgnghgfhgf", "parent": 1, "pub_date": "2021-08-21T17:58:14.085Z", "status": true, "lft": 8, "rght": 9, "tree_id": 1, "level": 1}}, {"model": "blog.comment", "pk": 38, "fields": {"post": 3, "name": "Danang Haris Setiawan", "email": "mr.danangharissetiawan@gmail.com", "content": "asdfadfadsf", "parent": 1, "pub_date": "2021-08-21T18:06:04.190Z", "status": true, "lft": 10, "rght": 11, "tree_id": 1, "level": 1}}, {"model": "blog.comment", "pk": 39, "fields": {"post": 3, "name": "Danang Haris Setiawan", "email": "mr.danangharissetiawan@gmail.com", "content": "dfgdfgfg", "parent": 1, "pub_date": "2021-08-21T18:23:25.103Z", "status": true, "lft": 12, "rght": 13, "tree_id": 1, "level": 1}}, {"model": "blog.comment", "pk": 40, "fields": {"post": 3, "name": "Danang Haris Setiawan", "email": "mr.danangharissetiawan@gmail.com", "content": "dfeerfe", "parent": 1, "pub_date": "2021-08-21T18:30:20.325Z", "status": true, "lft": 14, "rght": 15, "tree_id": 1, "level": 1}}, {"model": "blog.comment", "pk": 41, "fields": {"post": 3, "name": "Danang Haris Setiawan", "email": "mr.danangharissetiawan@gmail.com", "content": "adfadfs", "parent": null, "pub_date": "2021-08-21T18:35:03.915Z", "status": true, "lft": 1, "rght": 2, "tree_id": 26, "level": 0}}, {"model": "blog.comment", "pk": 42, "fields": {"post": 3, "name": "Danang Haris Setiawan", "email": "mr.danangharissetiawan@gmail.com", "content": "adfadsf", "parent": null, "pub_date": "2021-08-21T18:38:39.920Z", "status": true, "lft": 1, "rght": 2, "tree_id": 27, "level": 0}}, {"model": "blog.comment", "pk": 43, "fields": {"post": 3, "name": "Danang Haris Setiawan", "email": "mr.danangharissetiawan@gmail.com", "content": "adfasdfas", "parent": 1, "pub_date": "2021-08-21T18:38:48.930Z", "status": true, "lft": 16, "rght": 17, "tree_id": 1, "level": 1}}, {"model": "blog.comment", "pk": 44, "fields": {"post": 3, "name": "Danang Haris Setiawan", "email": "mr.danangharissetiawan@gmail.com", "content": "fgfdgfdg", "parent": 1, "pub_date": "2021-08-21T18:39:56.060Z", "status": true, "lft": 18, "rght": 19, "tree_id": 1, "level": 1}}, {"model": "blog.comment", "pk": 45, "fields": {"post": 3, "name": "adfaf", "email": "mr.danangharissetiawan@gmail.com", "content": "asdfasdf", "parent": 1, "pub_date": "2021-08-21T18:41:31.817Z", "status": true, "lft": 20, "rght": 21, "tree_id": 1, "level": 1}}, {"model": "blog.comment", "pk": 46, "fields": {"post": 3, "name": "Danang Haris Setiawan", "email": "mr.danangharissetiawan@gmail.com", "content": "afasdf", "parent": 17, "pub_date": "2021-08-21T18:42:57.363Z", "status": true, "lft": 2, "rght": 3, "tree_id": 14, "level": 1}}, {"model": "blog.comment", "pk": 47, "fields": {"post": 3, "name": "Danang Haris Setiawan", "email": "mr.danangharissetiawan@gmail.com", "content": "sdfdsfdsf", "parent": 17, "pub_date": "2021-08-21T18:45:21.980Z", "status": true, "lft": 4, "rght": 5, "tree_id": 14, "level": 1}}, {"model": "blog.comment", "pk": 48, "fields": {"post": 3, "name": "Danang Haris Setiawan", "email": "mr.danangharissetiawan@gmail.com", "content": "[lp[pl[pl[", "parent": 1, "pub_date": "2021-08-21T18:47:23.511Z", "status": true, "lft": 22, "rght": 23, "tree_id": 1, "level": 1}}, {"model": "blog.comment", "pk": 49, "fields": {"post": 3, "name": "Danang Haris Setiawan", "email": "mr.danangharissetiawan@gmail.com", "content": "pojkopjkopkp", "parent": null, "pub_date": "2021-08-21T18:50:29.472Z", "status": true, "lft": 1, "rght": 2, "tree_id": 28, "level": 0}}, {"model": "blog.comment", "pk": 50, "fields": {"post": 3, "name": "Danang Haris Setiawan", "email": "mr.danangharissetiawan@gmail.com", "content": "iojhiojoijoij", "parent": 1, "pub_date": "2021-08-21T18:50:41.882Z", "status": true, "lft": 24, "rght": 25, "tree_id": 1, "level": 1}}, {"model": "blog.comment", "pk": 51, "fields": {"post": 3, "name": "Danang Haris Setiawan", "email": "mr.danangharissetiawan@gmail.com", "content": "lkhjlkjlkjlkjlkj", "parent": 1, "pub_date": "2021-08-21T18:56:30.605Z", "status": true, "lft": 26, "rght": 27, "tree_id": 1, "level": 1}}, {"model": "blog.comment", "pk": 52, "fields": {"post": 3, "name": "Danang Haris Setiawan", "email": "mr.danangharissetiawan@gmail.com", "content": "asdfsdsfafadsf", "parent": 1, "pub_date": "2021-08-21T18:57:46.934Z", "status": true, "lft": 28, "rght": 29, "tree_id": 1, "level": 1}}, {"model": "blog.comment", "pk": 53, "fields": {"post": 3, "name": "Danang Haris Setiawan", "email": "mr.danangharissetiawan@gmail.com", "content": ";kll;k;lk;lk", "parent": 1, "pub_date": "2021-08-21T18:59:15.995Z", "status": true, "lft": 30, "rght": 31, "tree_id": 1, "level": 1}}, {"model": "blog.comment", "pk": 54, "fields": {"post": 3, "name": "Danang Haris Setiawan", "email": "mr.danangharissetiawan@gmail.com", "content": "[po[po[po", "parent": 1, "pub_date": "2021-08-21T19:00:24.330Z", "status": true, "lft": 32, "rght": 33, "tree_id": 1, "level": 1}}, {"model": "blog.comment", "pk": 55, "fields": {"post": 1, "name": "Danang Haris Setiawan", "email": "mr.danangharissetiawan@gmail.com", "content": "[l;';l", "parent": null, "pub_date": "2021-08-21T19:02:23.542Z", "status": true, "lft": 1, "rght": 2, "tree_id": 29, "level": 0}}, {"model": "blog.comment", "pk": 56, "fields": {"post": 1, "name": "Danang Haris Setiawan", "email": "mr.danangharissetiawan@gmail.com", "content": "pk;lk", "parent": 15, "pub_date": "2021-08-21T19:02:31.523Z", "status": true, "lft": 2, "rght": 3, "tree_id": 12, "level": 1}}, {"model": "blog.comment", "pk": 57, "fields": {"post": 3, "name": "Danang Haris Setiawan", "email": "mr.danangharissetiawan@gmail.com", "content": "contoh komentar", "parent": null, "pub_date": "2021-08-22T04:45:04.102Z", "status": false, "lft": 1, "rght": 2, "tree_id": 30, "level": 0}}, {"model": "blog.comment", "pk": 58, "fields": {"post": 6, "name": "Danang Haris Setiawan", "email": "mr.danangharissetiawan@gmail.com", "content": "hello django", "parent": null, "pub_date": "2021-08-22T05:06:20.245Z", "status": false, "lft": 1, "rght": 2, "tree_id": 31, "level": 0}}, {"model": "blog.comment", "pk": 59, "fields": {"post": 7, "name": "Danang Haris Setiawan", "email": "mr.danangharissetiawan@gmail.com", "content": "Komentar dari hp", "parent": null, "pub_date": "2021-08-22T10:44:18.696Z", "status": false, "lft": 1, "rght": 2, "tree_id": 32, "level": 0}}, {"model": "blog.comment", "pk": 60, "fields": {"post": 2, "name": "Danang Haris Setiawan", "email": "mr.danangharissetiawan@gmail.com", "content": "Halo dunia", "parent": 2, "pub_date": "2021-08-22T10:44:59.888Z", "status": false, "lft": 6, "rght": 7, "tree_id": 2, "level": 1}}, {"model": "blog.comment", "pk": 61, "fields": {"post": 8, "name": "Danang Haris Setiawan", "email": "mr.danangharissetiawan@gmail.com", "content": "Hell9", "parent": null, "pub_date": "2021-08-22T10:50:18.586Z", "status": false, "lft": 1, "rght": 2, "tree_id": 33, "level": 0}}, {"model": "blog.comment", "pk": 62, "fields": {"post": 8, "name": "Danang Haris Setiawan", "email": "mr.danangharissetiawan@gmail.com", "content": "hallo ini test komentar", "parent": null, "pub_date": "2021-08-23T08:27:12.425Z", "status": false, "lft": 1, "rght": 2, "tree_id": 34, "level": 0}}, {"model": "portfolio.aboutme", "pk": 1, "fields": {"user": 1, "title": "Software Developer", "avatar": "profile/Salinan_dari_Salinan_dari_haris_software_developer_ujDhv3i.png", "background": "profile/0bdd2c6a-84d2-4c86-85b2-0433e3b19c5c.jpeg", "phone": "+62 81252146881", "greeting": "Hello, I'm Haris", "greeting_en": "Hello, I'm Haris", "greeting_ind": "Halo, Saya Haris", "bio": "Hello, my name is Danang Haris Setiawan and I am a student at UDINUS majoring in Computer Science. I am a full-stack software developer with no experience working other than remote work in the past three years as a Software Engineer and Data Analytics. Apart from programming, I have great interests in martial arts, writing, and music", "bio_en": "Hello, my name is Danang Haris Setiawan and I am a student at UDINUS majoring in Computer Science. I am a full-stack software developer with no experience working other than remote work in the past three years as a Software Engineer and Data Analytics. Apart from programming, I have great interests in martial arts, writing, and music", "bio_ind": "Halo, nama saya Danang Haris Setiawan dan saya seorang mahasiswa di UDINUS jurusan Ilmu Komputer. Saya seorang pengembang perangkat lunak full-stack tanpa pengalaman bekerja selain pekerjaan jarak jauh dalam tiga tahun terakhir sebagai Insinyur Perangkat Lunak dan Analisis Data. Selain pemrograman, saya memiliki minat besar dalam seni bela diri, menulis, dan musik", "birthday": "2000-09-18", "location": "62352, Tuban Indonesia", "cv": "portfolio/daftar-nilai.pdf"}}, {"model": "portfolio.skill", "pk": 1, "fields": {"user": 1, "excerpt": "Lorem ipsum dolor sit amet, consectetur adipiscing elit. Sed eu risus nunc. Morbi vehicula mauris et odio tempus, nec ultricies tellus aliquam. Pellentesque semper porttitor elit, vitae imperdiet ipsum consequat ut.", "excerpt_en": "Lorem ipsum dolor sit amet, consectetur adipiscing elit. Sed eu risus nunc. Morbi vehicula mauris et odio tempus, nec ultricies tellus aliquam. Pellentesque semper porttitor elit, vitae imperdiet ipsum consequat ut.", "excerpt_ind": "Lorem ipsum dolor sit amet, consectetur adipiscing elit. Sed eu risus nunc. Morbi vehicula mauris et odio tempus, nec ultricies tellus aliquam. Pellentesque semper porttitor elit, vitae imperdiet ipsum consequat ut.", "name": "Python & Javascript", "percentage": 80}}, {"model": "portfolio.skill", "pk": 2, "fields": {"user": 1, "excerpt": "Lorem ipsum dolor sit amet, consectetur adipiscing elit. Sed eu risus nunc. Morbi vehicula mauris et odio tempus, nec ultricies tellus aliquam. Pellentesque semper porttitor elit, vitae imperdiet ipsum consequat ut.", "excerpt_en": "Lorem ipsum dolor sit amet, consectetur adipiscing elit. Sed eu risus nunc. Morbi vehicula mauris et odio tempus, nec ultricies tellus aliquam. Pellentesque semper porttitor elit, vitae imperdiet ipsum consequat ut.", "excerpt_ind": "Lorem ipsum dolor sit amet, consectetur adipiscing elit. Sed eu risus nunc. Morbi vehicula mauris et odio tempus, nec ultricies tellus aliquam. Pellentesque semper porttitor elit, vitae imperdiet ipsum consequat ut.", "name": "Django & Flutter", "percentage": 80}}, {"model": "portfolio.skill", "pk": 3, "fields": {"user": 1, "excerpt": "Lorem ipsum dolor sit amet, consectetur adipiscing elit. Sed eu risus nunc. Morbi vehicula mauris et odio tempus, nec ultricies tellus aliquam. Pellentesque semper porttitor elit, vitae imperdiet ipsum consequat ut.", "excerpt_en": "Lorem ipsum dolor sit amet, consectetur adipiscing elit. Sed eu risus nunc. Morbi vehicula mauris et odio tempus, nec ultricies tellus aliquam. Pellentesque semper porttitor elit, vitae imperdiet ipsum consequat ut.", "excerpt_ind": "Lorem ipsum dolor sit amet, consectetur adipiscing elit. Sed eu risus nunc. Morbi vehicula mauris et odio tempus, nec ultricies tellus aliquam. Pellentesque semper porttitor elit, vitae imperdiet ipsum consequat ut.", "name": "HTML & CSS", "percentage": 90}}, {"model": "portfolio.skill", "pk": 4, "fields": {"user": 1, "excerpt": "Lorem ipsum dolor sit amet, consectetur adipiscing elit. Sed eu risus nunc. Morbi vehicula mauris et odio tempus, nec ultricies tellus aliquam. Pellentesque semper porttitor elit, vitae imperdiet ipsum consequat ut.", "excerpt_en": "Lorem ipsum dolor sit amet, consectetur adipiscing elit. Sed eu risus nunc. Morbi vehicula mauris et odio tempus, nec ultricies tellus aliquam. Pellentesque semper porttitor elit, vitae imperdiet ipsum consequat ut.", "excerpt_ind": "Lorem ipsum dolor sit amet, consectetur adipiscing elit. Sed eu risus nunc. Morbi vehicula mauris et odio tempus, nec ultricies tellus aliquam. Pellentesque semper porttitor elit, vitae imperdiet ipsum consequat ut.", "name": "Branding & SEO", "percentage": 90}}, {"model": "portfolio.experience", "pk": 1, "fields": {"user": 1, "name": "Islamic boarding school students at MGS", "name_en": "Islamic boarding school students at MGS", "name_ind": "Santri pondok pesantren di MGS", "description": "Graduates of Tsanawi Madrasah Ghozaliyah Syafi'iyah Sarang and Ma'hadul 'Ilmi Assar'ie Islamic Boarding School", "description_en": "Graduates of Tsanawi Madrasah Ghozaliyah Syafi'iyah Sarang and Ma'hadul 'Ilmi Assar'ie Islamic Boarding School", "description_ind": "Lulusan Tsanawi Madrasah Ghozaliyah Syafi'iyah Sarang dan pondok pesantren Ma'hadul 'Ilmi Assar'ie", "start_year": 2014, "end_year": 2019, "is_present": false}}, {"model": "portfolio.experience", "pk": 2, "fields": {"user": 1, "name": "Automotive & Computer Science Vocational High School", "name_en": "Automotive & Computer Science Vocational High School", "name_ind": "Automotive & Computer Science Vocational High School", "description": "homeschooling in automotive and computer science", "description_en": "homeschooling in automotive and computer science", "description_ind": "homeschooling dalam ilmu otomotif dan komputer", "start_year": 2019, "end_year": 2020, "is_present": false}}, {"model": "portfolio.experience", "pk": 3, "fields": {"user": 1, "name": "Dian Nuswantoro University Computer Science Student", "name_en": "Dian Nuswantoro University Computer Science Student", "name_ind": "Mahasiswa Ilmu Komputer Universitas Dian Nuswantoro", "description": "Dian Nuswantoro University student majoring in computer science and informatics engineering", "description_en": "Dian Nuswantoro University student majoring in computer science and informatics engineering", "description_ind": "Mahasiswa Universitas Dian Nuswantoro jurusan ilmu komputer teknik informatika", "start_year": 2020, "end_year": 2023, "is_present": true}}, {"model": "portfolio.service", "pk": 1, "fields": {"user": 1, "name": "Development", "name_en": "Development", "name_ind": "Development", "slug": "development", "icon": "icon-globe", "short_description": "Web and Mobile Development", "short_description_en": "Web and Mobile Development", "short_description_ind": "Pengembangan Web dan Mobile", "image": "", "content": "Lorem ipsum dolor sit amet, consectetur adipiscing elit. Sed eu risus nunc. Morbi vehicula mauris et odio tempus, nec ultricies tellus aliquam. Pellentesque semper porttitor elit, vitae imperdiet ipsum consequat ut. Donec in urna nulla. Nam ut scelerisque neque. Ut eros mi, posuere sed sem vel, accumsan blandit ante. Etiam tempus, erat quis tempus interdum, mi arcu vehicula ex, ac accumsan ligula risus id diam. Donec imperdiet risus nec pretium facilisis. Aenean a massa semper, pellentesque velit quis, bibendum erat. Nam molestie at nisi nec scelerisque. Praesent in placerat leo. Duis nec mattis ante. Aliquam ut purus ut orci vestibulum dapibus et eu purus. Nulla pretium neque eleifend orci viverra, id efficitur urna sodales. Nullam posuere dui sit amet sagittis lobortis. Donec eleifend mauris et quam bibendum, ut pellentesque turpis suscipit.\r\n\r\nQuisque vel nunc vestibulum, pretium ex ac, maximus ante. In fringilla lobortis quam sed commodo. Praesent tempus vehicula elit, nec tristique velit sollicitudin non. Sed porttitor orci sem, quis convallis nisl ultricies ac. Cras maximus, orci sed placerat dictum, erat velit pharetra dolor, eget maximus neque dolor et ligula. Nulla facilisi. Nulla accumsan ante tellus, a maximus risus pulvinar quis. Nunc dolor mauris, faucibus at condimentum sed, viverra et mauris. Donec mollis ligula mattis sollicitudin iaculis. Nulla blandit quis justo vel faucibus. Morbi id tincidunt augue. Pellentesque ultricies ut mauris et ornare. Vivamus quis urna semper, condimentum dui a, aliquet nisl. In hac habitasse platea dictumst. Aenean tempor laoreet nibh nec tincidunt. Donec porttitor scelerisque justo maximus pharetra.", "content_en": "Lorem ipsum dolor sit amet, consectetur adipiscing elit. Sed eu risus nunc. Morbi vehicula mauris et odio tempus, nec ultricies tellus aliquam. Pellentesque semper porttitor elit, vitae imperdiet ipsum consequat ut. Donec in urna nulla. Nam ut scelerisque neque. Ut eros mi, posuere sed sem vel, accumsan blandit ante. Etiam tempus, erat quis tempus interdum, mi arcu vehicula ex, ac accumsan ligula risus id diam. Donec imperdiet risus nec pretium facilisis. Aenean a massa semper, pellentesque velit quis, bibendum erat. Nam molestie at nisi nec scelerisque. Praesent in placerat leo. Duis nec mattis ante. Aliquam ut purus ut orci vestibulum dapibus et eu purus. Nulla pretium neque eleifend orci viverra, id efficitur urna sodales. Nullam posuere dui sit amet sagittis lobortis. Donec eleifend mauris et quam bibendum, ut pellentesque turpis suscipit.\r\n\r\nQuisque vel nunc vestibulum, pretium ex ac, maximus ante. In fringilla lobortis quam sed commodo. Praesent tempus vehicula elit, nec tristique velit sollicitudin non. Sed porttitor orci sem, quis convallis nisl ultricies ac. Cras maximus, orci sed placerat dictum, erat velit pharetra dolor, eget maximus neque dolor et ligula. Nulla facilisi. Nulla accumsan ante tellus, a maximus risus pulvinar quis. Nunc dolor mauris, faucibus at condimentum sed, viverra et mauris. Donec mollis ligula mattis sollicitudin iaculis. Nulla blandit quis justo vel faucibus. Morbi id tincidunt augue. Pellentesque ultricies ut mauris et ornare. Vivamus quis urna semper, condimentum dui a, aliquet nisl. In hac habitasse platea dictumst. Aenean tempor laoreet nibh nec tincidunt. Donec porttitor scelerisque justo maximus pharetra.", "content_ind": "Lorem ipsum dolor sit amet, consectetur adipiscing elit. Sed eu risus nunc. Morbi vehicula mauris et odio tempus, nec ultricies tellus aliquam. Pellentesque semper porttitor elit, vitae imperdiet ipsum consequat ut. Donec in urna nulla. Nam ut scelerisque neque. Ut eros mi, posuere sed sem vel, accumsan blandit ante. Etiam tempus, erat quis tempus interdum, mi arcu vehicula ex, ac accumsan ligula risus id diam. Donec imperdiet risus nec pretium facilisis. Aenean a massa semper, pellentesque velit quis, bibendum erat. Nam molestie at nisi nec scelerisque. Praesent in placerat leo. Duis nec mattis ante. Aliquam ut purus ut orci vestibulum dapibus et eu purus. Nulla pretium neque eleifend orci viverra, id efficitur urna sodales. Nullam posuere dui sit amet sagittis lobortis. Donec eleifend mauris et quam bibendum, ut pellentesque turpis suscipit.\r\n\r\nQuisque vel nunc vestibulum, pretium ex ac, maximus ante. In fringilla lobortis quam sed commodo. Praesent tempus vehicula elit, nec tristique velit sollicitudin non. Sed porttitor orci sem, quis convallis nisl ultricies ac. Cras maximus, orci sed placerat dictum, erat velit pharetra dolor, eget maximus neque dolor et ligula. Nulla facilisi. Nulla accumsan ante tellus, a maximus risus pulvinar quis. Nunc dolor mauris, faucibus at condimentum sed, viverra et mauris. Donec mollis ligula mattis sollicitudin iaculis. Nulla blandit quis justo vel faucibus. Morbi id tincidunt augue. Pellentesque ultricies ut mauris et ornare. Vivamus quis urna semper, condimentum dui a, aliquet nisl. In hac habitasse platea dictumst. Aenean tempor laoreet nibh nec tincidunt. Donec porttitor scelerisque justo maximus pharetra."}}, {"model": "portfolio.service", "pk": 2, "fields": {"user": 1, "name": "Design", "name_en": "Design", "name_ind": "Desain", "slug": "design", "icon": "icon-chemistry", "short_description": "Web design and branding", "short_description_en": "Web design and branding", "short_description_ind": "Web design and branding", "image": "", "content": "Lorem ipsum dolor sit amet, consectetur adipiscing elit. Sed eu risus nunc. Morbi vehicula mauris et odio tempus, nec ultricies tellus aliquam. Pellentesque semper porttitor elit, vitae imperdiet ipsum consequat ut. Donec in urna nulla. Nam ut scelerisque neque. Ut eros mi, posuere sed sem vel, accumsan blandit ante. Etiam tempus, erat quis tempus interdum, mi arcu vehicula ex, ac accumsan ligula risus id diam. Donec imperdiet risus nec pretium facilisis. Aenean a massa semper, pellentesque velit quis, bibendum erat. Nam molestie at nisi nec scelerisque. Praesent in placerat leo. Duis nec mattis ante. Aliquam ut purus ut orci vestibulum dapibus et eu purus. Nulla pretium neque eleifend orci viverra, id efficitur urna sodales. Nullam posuere dui sit amet sagittis lobortis. Donec eleifend mauris et quam bibendum, ut pellentesque turpis suscipit.\r\n\r\nQuisque vel nunc vestibulum, pretium ex ac, maximus ante. In fringilla lobortis quam sed commodo. Praesent tempus vehicula elit, nec tristique velit sollicitudin non. Sed porttitor orci sem, quis convallis nisl ultricies ac. Cras maximus, orci sed placerat dictum, erat velit pharetra dolor, eget maximus neque dolor et ligula. Nulla facilisi. Nulla accumsan ante tellus, a maximus risus pulvinar quis. Nunc dolor mauris, faucibus at condimentum sed, viverra et mauris. Donec mollis ligula mattis sollicitudin iaculis. Nulla blandit quis justo vel faucibus. Morbi id tincidunt augue. Pellentesque ultricies ut mauris et ornare. Vivamus quis urna semper, condimentum dui a, aliquet nisl. In hac habitasse platea dictumst. Aenean tempor laoreet nibh nec tincidunt. Donec porttitor scelerisque justo maximus pharetra.", "content_en": "Lorem ipsum dolor sit amet, consectetur adipiscing elit. Sed eu risus nunc. Morbi vehicula mauris et odio tempus, nec ultricies tellus aliquam. Pellentesque semper porttitor elit, vitae imperdiet ipsum consequat ut. Donec in urna nulla. Nam ut scelerisque neque. Ut eros mi, posuere sed sem vel, accumsan blandit ante. Etiam tempus, erat quis tempus interdum, mi arcu vehicula ex, ac accumsan ligula risus id diam. Donec imperdiet risus nec pretium facilisis. Aenean a massa semper, pellentesque velit quis, bibendum erat. Nam molestie at nisi nec scelerisque. Praesent in placerat leo. Duis nec mattis ante. Aliquam ut purus ut orci vestibulum dapibus et eu purus. Nulla pretium neque eleifend orci viverra, id efficitur urna sodales. Nullam posuere dui sit amet sagittis lobortis. Donec eleifend mauris et quam bibendum, ut pellentesque turpis suscipit.\r\n\r\nQuisque vel nunc vestibulum, pretium ex ac, maximus ante. In fringilla lobortis quam sed commodo. Praesent tempus vehicula elit, nec tristique velit sollicitudin non. Sed porttitor orci sem, quis convallis nisl ultricies ac. Cras maximus, orci sed placerat dictum, erat velit pharetra dolor, eget maximus neque dolor et ligula. Nulla facilisi. Nulla accumsan ante tellus, a maximus risus pulvinar quis. Nunc dolor mauris, faucibus at condimentum sed, viverra et mauris. Donec mollis ligula mattis sollicitudin iaculis. Nulla blandit quis justo vel faucibus. Morbi id tincidunt augue. Pellentesque ultricies ut mauris et ornare. Vivamus quis urna semper, condimentum dui a, aliquet nisl. In hac habitasse platea dictumst. Aenean tempor laoreet nibh nec tincidunt. Donec porttitor scelerisque justo maximus pharetra.", "content_ind": "Lorem ipsum dolor sit amet, consectetur adipiscing elit. Sed eu risus nunc. Morbi vehicula mauris et odio tempus, nec ultricies tellus aliquam. Pellentesque semper porttitor elit, vitae imperdiet ipsum consequat ut. Donec in urna nulla. Nam ut scelerisque neque. Ut eros mi, posuere sed sem vel, accumsan blandit ante. Etiam tempus, erat quis tempus interdum, mi arcu vehicula ex, ac accumsan ligula risus id diam. Donec imperdiet risus nec pretium facilisis. Aenean a massa semper, pellentesque velit quis, bibendum erat. Nam molestie at nisi nec scelerisque. Praesent in placerat leo. Duis nec mattis ante. Aliquam ut purus ut orci vestibulum dapibus et eu purus. Nulla pretium neque eleifend orci viverra, id efficitur urna sodales. Nullam posuere dui sit amet sagittis lobortis. Donec eleifend mauris et quam bibendum, ut pellentesque turpis suscipit.\r\n\r\nQuisque vel nunc vestibulum, pretium ex ac, maximus ante. In fringilla lobortis quam sed commodo. Praesent tempus vehicula elit, nec tristique velit sollicitudin non. Sed porttitor orci sem, quis convallis nisl ultricies ac. Cras maximus, orci sed placerat dictum, erat velit pharetra dolor, eget maximus neque dolor et ligula. Nulla facilisi. Nulla accumsan ante tellus, a maximus risus pulvinar quis. Nunc dolor mauris, faucibus at condimentum sed, viverra et mauris. Donec mollis ligula mattis sollicitudin iaculis. Nulla blandit quis justo vel faucibus. Morbi id tincidunt augue. Pellentesque ultricies ut mauris et ornare. Vivamus quis urna semper, condimentum dui a, aliquet nisl. In hac habitasse platea dictumst. Aenean tempor laoreet nibh nec tincidunt. Donec porttitor scelerisque justo maximus pharetra."}}, {"model": "portfolio.service", "pk": 3, "fields": {"user": 1, "name": "Advertising", "name_en": "Advertising", "name_ind": "Periklanan", "slug": "advertising", "icon": "icon-directions", "short_description": "Social media and google advertising", "short_description_en": "Social media and google advertising", "short_description_ind": "Social media and google advertising", "image": "", "content": "Lorem ipsum dolor sit amet, consectetur adipiscing elit. Sed eu risus nunc. Morbi vehicula mauris et odio tempus, nec ultricies tellus aliquam. Pellentesque semper porttitor elit, vitae imperdiet ipsum consequat ut. Donec in urna nulla. Nam ut scelerisque neque. Ut eros mi, posuere sed sem vel, accumsan blandit ante. Etiam tempus, erat quis tempus interdum, mi arcu vehicula ex, ac accumsan ligula risus id diam. Donec imperdiet risus nec pretium facilisis. Aenean a massa semper, pellentesque velit quis, bibendum erat. Nam molestie at nisi nec scelerisque. Praesent in placerat leo. Duis nec mattis ante. Aliquam ut purus ut orci vestibulum dapibus et eu purus. Nulla pretium neque eleifend orci viverra, id efficitur urna sodales. Nullam posuere dui sit amet sagittis lobortis. Donec eleifend mauris et quam bibendum, ut pellentesque turpis suscipit.\r\n\r\nQuisque vel nunc vestibulum, pretium ex ac, maximus ante. In fringilla lobortis quam sed commodo. Praesent tempus vehicula elit, nec tristique velit sollicitudin non. Sed porttitor orci sem, quis convallis nisl ultricies ac. Cras maximus, orci sed placerat dictum, erat velit pharetra dolor, eget maximus neque dolor et ligula. Nulla facilisi. Nulla accumsan ante tellus, a maximus risus pulvinar quis. Nunc dolor mauris, faucibus at condimentum sed, viverra et mauris. Donec mollis ligula mattis sollicitudin iaculis. Nulla blandit quis justo vel faucibus. Morbi id tincidunt augue. Pellentesque ultricies ut mauris et ornare. Vivamus quis urna semper, condimentum dui a, aliquet nisl. In hac habitasse platea dictumst. Aenean tempor laoreet nibh nec tincidunt. Donec porttitor scelerisque justo maximus pharetra.", "content_en": "Lorem ipsum dolor sit amet, consectetur adipiscing elit. Sed eu risus nunc. Morbi vehicula mauris et odio tempus, nec ultricies tellus aliquam. Pellentesque semper porttitor elit, vitae imperdiet ipsum consequat ut. Donec in urna nulla. Nam ut scelerisque neque. Ut eros mi, posuere sed sem vel, accumsan blandit ante. Etiam tempus, erat quis tempus interdum, mi arcu vehicula ex, ac accumsan ligula risus id diam. Donec imperdiet risus nec pretium facilisis. Aenean a massa semper, pellentesque velit quis, bibendum erat. Nam molestie at nisi nec scelerisque. Praesent in placerat leo. Duis nec mattis ante. Aliquam ut purus ut orci vestibulum dapibus et eu purus. Nulla pretium neque eleifend orci viverra, id efficitur urna sodales. Nullam posuere dui sit amet sagittis lobortis. Donec eleifend mauris et quam bibendum, ut pellentesque turpis suscipit.\r\n\r\nQuisque vel nunc vestibulum, pretium ex ac, maximus ante. In fringilla lobortis quam sed commodo. Praesent tempus vehicula elit, nec tristique velit sollicitudin non. Sed porttitor orci sem, quis convallis nisl ultricies ac. Cras maximus, orci sed placerat dictum, erat velit pharetra dolor, eget maximus neque dolor et ligula. Nulla facilisi. Nulla accumsan ante tellus, a maximus risus pulvinar quis. Nunc dolor mauris, faucibus at condimentum sed, viverra et mauris. Donec mollis ligula mattis sollicitudin iaculis. Nulla blandit quis justo vel faucibus. Morbi id tincidunt augue. Pellentesque ultricies ut mauris et ornare. Vivamus quis urna semper, condimentum dui a, aliquet nisl. In hac habitasse platea dictumst. Aenean tempor laoreet nibh nec tincidunt. Donec porttitor scelerisque justo maximus pharetra.", "content_ind": "Lorem ipsum dolor sit amet, consectetur adipiscing elit. Sed eu risus nunc. Morbi vehicula mauris et odio tempus, nec ultricies tellus aliquam. Pellentesque semper porttitor elit, vitae imperdiet ipsum consequat ut. Donec in urna nulla. Nam ut scelerisque neque. Ut eros mi, posuere sed sem vel, accumsan blandit ante. Etiam tempus, erat quis tempus interdum, mi arcu vehicula ex, ac accumsan ligula risus id diam. Donec imperdiet risus nec pretium facilisis. Aenean a massa semper, pellentesque velit quis, bibendum erat. Nam molestie at nisi nec scelerisque. Praesent in placerat leo. Duis nec mattis ante. Aliquam ut purus ut orci vestibulum dapibus et eu purus. Nulla pretium neque eleifend orci viverra, id efficitur urna sodales. Nullam posuere dui sit amet sagittis lobortis. Donec eleifend mauris et quam bibendum, ut pellentesque turpis suscipit.\r\n\r\nQuisque vel nunc vestibulum, pretium ex ac, maximus ante. In fringilla lobortis quam sed commodo. Praesent tempus vehicula elit, nec tristique velit sollicitudin non. Sed porttitor orci sem, quis convallis nisl ultricies ac. Cras maximus, orci sed placerat dictum, erat velit pharetra dolor, eget maximus neque dolor et ligula. Nulla facilisi. Nulla accumsan ante tellus, a maximus risus pulvinar quis. Nunc dolor mauris, faucibus at condimentum sed, viverra et mauris. Donec mollis ligula mattis sollicitudin iaculis. Nulla blandit quis justo vel faucibus. Morbi id tincidunt augue. Pellentesque ultricies ut mauris et ornare. Vivamus quis urna semper, condimentum dui a, aliquet nisl. In hac habitasse platea dictumst. Aenean tempor laoreet nibh nec tincidunt. Donec porttitor scelerisque justo maximus pharetra."}}, {"model": "portfolio.service", "pk": 4, "fields": {"user": 1, "name": "SEO", "name_en": "SEO", "name_ind": "SEO", "slug": "seo", "icon": "icon-rocket", "short_description": "High level search engine optimization", "short_description_en": "High level search engine optimization", "short_description_ind": "High level search engine optimization", "image": "", "content": "Lorem ipsum dolor sit amet, consectetur adipiscing elit. Sed eu risus nunc. Morbi vehicula mauris et odio tempus, nec ultricies tellus aliquam. Pellentesque semper porttitor elit, vitae imperdiet ipsum consequat ut. Donec in urna nulla. Nam ut scelerisque neque. Ut eros mi, posuere sed sem vel, accumsan blandit ante. Etiam tempus, erat quis tempus interdum, mi arcu vehicula ex, ac accumsan ligula risus id diam. Donec imperdiet risus nec pretium facilisis. Aenean a massa semper, pellentesque velit quis, bibendum erat. Nam molestie at nisi nec scelerisque. Praesent in placerat leo. Duis nec mattis ante. Aliquam ut purus ut orci vestibulum dapibus et eu purus. Nulla pretium neque eleifend orci viverra, id efficitur urna sodales. Nullam posuere dui sit amet sagittis lobortis. Donec eleifend mauris et quam bibendum, ut pellentesque turpis suscipit.\r\n\r\nQuisque vel nunc vestibulum, pretium ex ac, maximus ante. In fringilla lobortis quam sed commodo. Praesent tempus vehicula elit, nec tristique velit sollicitudin non. Sed porttitor orci sem, quis convallis nisl ultricies ac. Cras maximus, orci sed placerat dictum, erat velit pharetra dolor, eget maximus neque dolor et ligula. Nulla facilisi. Nulla accumsan ante tellus, a maximus risus pulvinar quis. Nunc dolor mauris, faucibus at condimentum sed, viverra et mauris. Donec mollis ligula mattis sollicitudin iaculis. Nulla blandit quis justo vel faucibus. Morbi id tincidunt augue. Pellentesque ultricies ut mauris et ornare. Vivamus quis urna semper, condimentum dui a, aliquet nisl. In hac habitasse platea dictumst. Aenean tempor laoreet nibh nec tincidunt. Donec porttitor scelerisque justo maximus pharetra.", "content_en": "Lorem ipsum dolor sit amet, consectetur adipiscing elit. Sed eu risus nunc. Morbi vehicula mauris et odio tempus, nec ultricies tellus aliquam. Pellentesque semper porttitor elit, vitae imperdiet ipsum consequat ut. Donec in urna nulla. Nam ut scelerisque neque. Ut eros mi, posuere sed sem vel, accumsan blandit ante. Etiam tempus, erat quis tempus interdum, mi arcu vehicula ex, ac accumsan ligula risus id diam. Donec imperdiet risus nec pretium facilisis. Aenean a massa semper, pellentesque velit quis, bibendum erat. Nam molestie at nisi nec scelerisque. Praesent in placerat leo. Duis nec mattis ante. Aliquam ut purus ut orci vestibulum dapibus et eu purus. Nulla pretium neque eleifend orci viverra, id efficitur urna sodales. Nullam posuere dui sit amet sagittis lobortis. Donec eleifend mauris et quam bibendum, ut pellentesque turpis suscipit.\r\n\r\nQuisque vel nunc vestibulum, pretium ex ac, maximus ante. In fringilla lobortis quam sed commodo. Praesent tempus vehicula elit, nec tristique velit sollicitudin non. Sed porttitor orci sem, quis convallis nisl ultricies ac. Cras maximus, orci sed placerat dictum, erat velit pharetra dolor, eget maximus neque dolor et ligula. Nulla facilisi. Nulla accumsan ante tellus, a maximus risus pulvinar quis. Nunc dolor mauris, faucibus at condimentum sed, viverra et mauris. Donec mollis ligula mattis sollicitudin iaculis. Nulla blandit quis justo vel faucibus. Morbi id tincidunt augue. Pellentesque ultricies ut mauris et ornare. Vivamus quis urna semper, condimentum dui a, aliquet nisl. In hac habitasse platea dictumst. Aenean tempor laoreet nibh nec tincidunt. Donec porttitor scelerisque justo maximus pharetra.", "content_ind": "Lorem ipsum dolor sit amet, consectetur adipiscing elit. Sed eu risus nunc. Morbi vehicula mauris et odio tempus, nec ultricies tellus aliquam. Pellentesque semper porttitor elit, vitae imperdiet ipsum consequat ut. Donec in urna nulla. Nam ut scelerisque neque. Ut eros mi, posuere sed sem vel, accumsan blandit ante. Etiam tempus, erat quis tempus interdum, mi arcu vehicula ex, ac accumsan ligula risus id diam. Donec imperdiet risus nec pretium facilisis. Aenean a massa semper, pellentesque velit quis, bibendum erat. Nam molestie at nisi nec scelerisque. Praesent in placerat leo. Duis nec mattis ante. Aliquam ut purus ut orci vestibulum dapibus et eu purus. Nulla pretium neque eleifend orci viverra, id efficitur urna sodales. Nullam posuere dui sit amet sagittis lobortis. Donec eleifend mauris et quam bibendum, ut pellentesque turpis suscipit.\r\n\r\nQuisque vel nunc vestibulum, pretium ex ac, maximus ante. In fringilla lobortis quam sed commodo. Praesent tempus vehicula elit, nec tristique velit sollicitudin non. Sed porttitor orci sem, quis convallis nisl ultricies ac. Cras maximus, orci sed placerat dictum, erat velit pharetra dolor, eget maximus neque dolor et ligula. Nulla facilisi. Nulla accumsan ante tellus, a maximus risus pulvinar quis. Nunc dolor mauris, faucibus at condimentum sed, viverra et mauris. Donec mollis ligula mattis sollicitudin iaculis. Nulla blandit quis justo vel faucibus. Morbi id tincidunt augue. Pellentesque ultricies ut mauris et ornare. Vivamus quis urna semper, condimentum dui a, aliquet nisl. In hac habitasse platea dictumst. Aenean tempor laoreet nibh nec tincidunt. Donec porttitor scelerisque justo maximus pharetra."}}, {"model": "portfolio.service", "pk": 5, "fields": {"user": 1, "name": "Copy Write", "name_en": "Copy Write", "name_ind": "Copy Write", "slug": "copy-write", "icon": "icon-note", "short_description": "Ads and Article Copywrite", "short_description_en": "Ads and Article Copywrite", "short_description_ind": "Ads and Article Copywrite", "image": "", "content": "Lorem ipsum dolor sit amet, consectetur adipiscing elit. Sed eu risus nunc. Morbi vehicula mauris et odio tempus, nec ultricies tellus aliquam. Pellentesque semper porttitor elit, vitae imperdiet ipsum consequat ut. Donec in urna nulla. Nam ut scelerisque neque. Ut eros mi, posuere sed sem vel, accumsan blandit ante. Etiam tempus, erat quis tempus interdum, mi arcu vehicula ex, ac accumsan ligula risus id diam. Donec imperdiet risus nec pretium facilisis. Aenean a massa semper, pellentesque velit quis, bibendum erat. Nam molestie at nisi nec scelerisque. Praesent in placerat leo. Duis nec mattis ante. Aliquam ut purus ut orci vestibulum dapibus et eu purus. Nulla pretium neque eleifend orci viverra, id efficitur urna sodales. Nullam posuere dui sit amet sagittis lobortis. Donec eleifend mauris et quam bibendum, ut pellentesque turpis suscipit.\r\n\r\nQuisque vel nunc vestibulum, pretium ex ac, maximus ante. In fringilla lobortis quam sed commodo. Praesent tempus vehicula elit, nec tristique velit sollicitudin non. Sed porttitor orci sem, quis convallis nisl ultricies ac. Cras maximus, orci sed placerat dictum, erat velit pharetra dolor, eget maximus neque dolor et ligula. Nulla facilisi. Nulla accumsan ante tellus, a maximus risus pulvinar quis. Nunc dolor mauris, faucibus at condimentum sed, viverra et mauris. Donec mollis ligula mattis sollicitudin iaculis. Nulla blandit quis justo vel faucibus. Morbi id tincidunt augue. Pellentesque ultricies ut mauris et ornare. Vivamus quis urna semper, condimentum dui a, aliquet nisl. In hac habitasse platea dictumst. Aenean tempor laoreet nibh nec tincidunt. Donec porttitor scelerisque justo maximus pharetra.", "content_en": "Lorem ipsum dolor sit amet, consectetur adipiscing elit. Sed eu risus nunc. Morbi vehicula mauris et odio tempus, nec ultricies tellus aliquam. Pellentesque semper porttitor elit, vitae imperdiet ipsum consequat ut. Donec in urna nulla. Nam ut scelerisque neque. Ut eros mi, posuere sed sem vel, accumsan blandit ante. Etiam tempus, erat quis tempus interdum, mi arcu vehicula ex, ac accumsan ligula risus id diam. Donec imperdiet risus nec pretium facilisis. Aenean a massa semper, pellentesque velit quis, bibendum erat. Nam molestie at nisi nec scelerisque. Praesent in placerat leo. Duis nec mattis ante. Aliquam ut purus ut orci vestibulum dapibus et eu purus. Nulla pretium neque eleifend orci viverra, id efficitur urna sodales. Nullam posuere dui sit amet sagittis lobortis. Donec eleifend mauris et quam bibendum, ut pellentesque turpis suscipit.\r\n\r\nQuisque vel nunc vestibulum, pretium ex ac, maximus ante. In fringilla lobortis quam sed commodo. Praesent tempus vehicula elit, nec tristique velit sollicitudin non. Sed porttitor orci sem, quis convallis nisl ultricies ac. Cras maximus, orci sed placerat dictum, erat velit pharetra dolor, eget maximus neque dolor et ligula. Nulla facilisi. Nulla accumsan ante tellus, a maximus risus pulvinar quis. Nunc dolor mauris, faucibus at condimentum sed, viverra et mauris. Donec mollis ligula mattis sollicitudin iaculis. Nulla blandit quis justo vel faucibus. Morbi id tincidunt augue. Pellentesque ultricies ut mauris et ornare. Vivamus quis urna semper, condimentum dui a, aliquet nisl. In hac habitasse platea dictumst. Aenean tempor laoreet nibh nec tincidunt. Donec porttitor scelerisque justo maximus pharetra.", "content_ind": "Lorem ipsum dolor sit amet, consectetur adipiscing elit. Sed eu risus nunc. Morbi vehicula mauris et odio tempus, nec ultricies tellus aliquam. Pellentesque semper porttitor elit, vitae imperdiet ipsum consequat ut. Donec in urna nulla. Nam ut scelerisque neque. Ut eros mi, posuere sed sem vel, accumsan blandit ante. Etiam tempus, erat quis tempus interdum, mi arcu vehicula ex, ac accumsan ligula risus id diam. Donec imperdiet risus nec pretium facilisis. Aenean a massa semper, pellentesque velit quis, bibendum erat. Nam molestie at nisi nec scelerisque. Praesent in placerat leo. Duis nec mattis ante. Aliquam ut purus ut orci vestibulum dapibus et eu purus. Nulla pretium neque eleifend orci viverra, id efficitur urna sodales. Nullam posuere dui sit amet sagittis lobortis. Donec eleifend mauris et quam bibendum, ut pellentesque turpis suscipit.\r\n\r\nQuisque vel nunc vestibulum, pretium ex ac, maximus ante. In fringilla lobortis quam sed commodo. Praesent tempus vehicula elit, nec tristique velit sollicitudin non. Sed porttitor orci sem, quis convallis nisl ultricies ac. Cras maximus, orci sed placerat dictum, erat velit pharetra dolor, eget maximus neque dolor et ligula. Nulla facilisi. Nulla accumsan ante tellus, a maximus risus pulvinar quis. Nunc dolor mauris, faucibus at condimentum sed, viverra et mauris. Donec mollis ligula mattis sollicitudin iaculis. Nulla blandit quis justo vel faucibus. Morbi id tincidunt augue. Pellentesque ultricies ut mauris et ornare. Vivamus quis urna semper, condimentum dui a, aliquet nisl. In hac habitasse platea dictumst. Aenean tempor laoreet nibh nec tincidunt. Donec porttitor scelerisque justo maximus pharetra."}}, {"model": "portfolio.service", "pk": 6, "fields": {"user": 1, "name": "Support", "name_en": "Support", "name_ind": "Dukungan", "slug": "support", "icon": "icon-bubbles", "short_description": "24/7 unlimited support", "short_description_en": "24/7 unlimited support", "short_description_ind": "24/7 unlimited support", "image": "", "content": "Lorem ipsum dolor sit amet, consectetur adipiscing elit. Sed eu risus nunc. Morbi vehicula mauris et odio tempus, nec ultricies tellus aliquam. Pellentesque semper porttitor elit, vitae imperdiet ipsum consequat ut. Donec in urna nulla. Nam ut scelerisque neque. Ut eros mi, posuere sed sem vel, accumsan blandit ante. Etiam tempus, erat quis tempus interdum, mi arcu vehicula ex, ac accumsan ligula risus id diam. Donec imperdiet risus nec pretium facilisis. Aenean a massa semper, pellentesque velit quis, bibendum erat. Nam molestie at nisi nec scelerisque. Praesent in placerat leo. Duis nec mattis ante. Aliquam ut purus ut orci vestibulum dapibus et eu purus. Nulla pretium neque eleifend orci viverra, id efficitur urna sodales. Nullam posuere dui sit amet sagittis lobortis. Donec eleifend mauris et quam bibendum, ut pellentesque turpis suscipit.\r\n\r\nQuisque vel nunc vestibulum, pretium ex ac, maximus ante. In fringilla lobortis quam sed commodo. Praesent tempus vehicula elit, nec tristique velit sollicitudin non. Sed porttitor orci sem, quis convallis nisl ultricies ac. Cras maximus, orci sed placerat dictum, erat velit pharetra dolor, eget maximus neque dolor et ligula. Nulla facilisi. Nulla accumsan ante tellus, a maximus risus pulvinar quis. Nunc dolor mauris, faucibus at condimentum sed, viverra et mauris. Donec mollis ligula mattis sollicitudin iaculis. Nulla blandit quis justo vel faucibus. Morbi id tincidunt augue. Pellentesque ultricies ut mauris et ornare. Vivamus quis urna semper, condimentum dui a, aliquet nisl. In hac habitasse platea dictumst. Aenean tempor laoreet nibh nec tincidunt. Donec porttitor scelerisque justo maximus pharetra.", "content_en": "Lorem ipsum dolor sit amet, consectetur adipiscing elit. Sed eu risus nunc. Morbi vehicula mauris et odio tempus, nec ultricies tellus aliquam. Pellentesque semper porttitor elit, vitae imperdiet ipsum consequat ut. Donec in urna nulla. Nam ut scelerisque neque. Ut eros mi, posuere sed sem vel, accumsan blandit ante. Etiam tempus, erat quis tempus interdum, mi arcu vehicula ex, ac accumsan ligula risus id diam. Donec imperdiet risus nec pretium facilisis. Aenean a massa semper, pellentesque velit quis, bibendum erat. Nam molestie at nisi nec scelerisque. Praesent in placerat leo. Duis nec mattis ante. Aliquam ut purus ut orci vestibulum dapibus et eu purus. Nulla pretium neque eleifend orci viverra, id efficitur urna sodales. Nullam posuere dui sit amet sagittis lobortis. Donec eleifend mauris et quam bibendum, ut pellentesque turpis suscipit.\r\n\r\nQuisque vel nunc vestibulum, pretium ex ac, maximus ante. In fringilla lobortis quam sed commodo. Praesent tempus vehicula elit, nec tristique velit sollicitudin non. Sed porttitor orci sem, quis convallis nisl ultricies ac. Cras maximus, orci sed placerat dictum, erat velit pharetra dolor, eget maximus neque dolor et ligula. Nulla facilisi. Nulla accumsan ante tellus, a maximus risus pulvinar quis. Nunc dolor mauris, faucibus at condimentum sed, viverra et mauris. Donec mollis ligula mattis sollicitudin iaculis. Nulla blandit quis justo vel faucibus. Morbi id tincidunt augue. Pellentesque ultricies ut mauris et ornare. Vivamus quis urna semper, condimentum dui a, aliquet nisl. In hac habitasse platea dictumst. Aenean tempor laoreet nibh nec tincidunt. Donec porttitor scelerisque justo maximus pharetra.", "content_ind": "Lorem ipsum dolor sit amet, consectetur adipiscing elit. Sed eu risus nunc. Morbi vehicula mauris et odio tempus, nec ultricies tellus aliquam. Pellentesque semper porttitor elit, vitae imperdiet ipsum consequat ut. Donec in urna nulla. Nam ut scelerisque neque. Ut eros mi, posuere sed sem vel, accumsan blandit ante. Etiam tempus, erat quis tempus interdum, mi arcu vehicula ex, ac accumsan ligula risus id diam. Donec imperdiet risus nec pretium facilisis. Aenean a massa semper, pellentesque velit quis, bibendum erat. Nam molestie at nisi nec scelerisque. Praesent in placerat leo. Duis nec mattis ante. Aliquam ut purus ut orci vestibulum dapibus et eu purus. Nulla pretium neque eleifend orci viverra, id efficitur urna sodales. Nullam posuere dui sit amet sagittis lobortis. Donec eleifend mauris et quam bibendum, ut pellentesque turpis suscipit.\r\n\r\nQuisque vel nunc vestibulum, pretium ex ac, maximus ante. In fringilla lobortis quam sed commodo. Praesent tempus vehicula elit, nec tristique velit sollicitudin non. Sed porttitor orci sem, quis convallis nisl ultricies ac. Cras maximus, orci sed placerat dictum, erat velit pharetra dolor, eget maximus neque dolor et ligula. Nulla facilisi. Nulla accumsan ante tellus, a maximus risus pulvinar quis. Nunc dolor mauris, faucibus at condimentum sed, viverra et mauris. Donec mollis ligula mattis sollicitudin iaculis. Nulla blandit quis justo vel faucibus. Morbi id tincidunt augue. Pellentesque ultricies ut mauris et ornare. Vivamus quis urna semper, condimentum dui a, aliquet nisl. In hac habitasse platea dictumst. Aenean tempor laoreet nibh nec tincidunt. Donec porttitor scelerisque justo maximus pharetra."}}, {"model": "portfolio.categoryportfolio", "pk": 1, "fields": {"user": 1, "name": "web development", "name_en": "web development", "name_ind": "Pengembangan Web", "description": "Web development is a broad term for the work involved in developing a website for the internet or an intranet.", "description_en": "Web development is a broad term for the work involved in developing a website for the internet or an intranet.", "description_ind": "Pengembangan web adalah istilah yang luas untuk pekerjaan yang terlibat dalam mengembangkan suatu situs web untuk internet atau intranet."}}, {"model": "portfolio.categoryportfolio", "pk": 2, "fields": {"user": 1, "name": "mobile app", "name_en": "mobile app", "name_ind": "Aplikasi Seluler", "description": "A mobile application (English: Mobile app or Mobile application) is a computer program designed to run on mobile devices such as mobile phones/tablets or watches.", "description_en": "A mobile application (English: Mobile app or Mobile application) is a computer program designed to run on mobile devices such as mobile phones/tablets or watches.", "description_ind": "Aplikasi mobil (bahasa Inggris: Mobile app atau Mobile application) adalah program komputer yang dirancang untuk berjalan pada peranti bergerak seperti ponsel/tablet atau jam tangan."}}, {"model": "portfolio.categoryportfolio", "pk": 3, "fields": {"user": 1, "name": "branding", "name_en": "branding", "name_ind": "Branding", "description": "Branding is a name, term, sign, symbol, design or a combination of these that is necessary to identify the goods or services or group of sellers and to differentiate them from those of competitors.", "description_en": "Branding is a name, term, sign, symbol, design or a combination of these that is necessary to identify the goods or services or group of sellers and to differentiate them from those of competitors.", "description_ind": "Branding merupakan nama, istilah, tanda, simbol, rancangan atau kombinasi dari semuanya yang diperlukan untuk mengidentifikasi barang atau jasa atau kelompok penjual dengan membedakannya dari barang atau jasa pesaing."}}, {"model": "portfolio.categoryportfolio", "pk": 4, "fields": {"user": 1, "name": "design & marketing", "name_en": "design & marketing", "name_ind": "Desain & Pemasaran", "description": "Marketing is the activity and process of creating, communicating, delivering and exchanging offerings that have value for customers, clients, partners and society at large. Marketing begins with the fulfillment of human needs which then grows into human wants.", "description_en": "Marketing is the activity and process of creating, communicating, delivering and exchanging offerings that have value for customers, clients, partners and society at large. Marketing begins with the fulfillment of human needs which then grows into human wants.", "description_ind": "Pemasaran adalah aktivitas dan proses menciptakan, mengomunikasikan, menyampaikan, dan mempertukarkan tawaran yang bernilai bagi pelanggan, klien, mitra, dan masyarakat umum. Pemasaran dimulai dengan pemenuhan kebutuhan manusia yang kemudian bertumbuh menjadi keinginan manusia."}}, {"model": "portfolio.categoryportfolio", "pk": 5, "fields": {"user": 1, "name": "data analysis", "name_en": "data analysis", "name_ind": "Analisis data", "description": "Data analysis is the process of inspecting, cleaning and modeling data with the aim of finding useful information, informing conclusions and supporting decision making.", "description_en": "Data analysis is the process of inspecting, cleaning and modeling data with the aim of finding useful information, informing conclusions and supporting decision making.", "description_ind": "Analisis data adalah proses inspeksi, pembersihan dan pemodelan data dengan tujuan menemukan informasi yang berguna, menginformasikan kesimpulan dan mendukung pengambilan keputusan."}}, {"model": "portfolio.portfolio", "pk": 1, "fields": {"user": 1, "title": "Darisset Blog with Django", "title_en": "Darisset Blog with Django", "title_ind": "Darisset Blog dengan Django", "slug": "darisset-blog-with-django", "abstract": "This project is named Darisset, so if you are using this Project to create your own project, you will need a little extra configuration. As:\r\n1. Darisset.site folder (your top project container)\r\n2. Darisset_site/darisset folder (your project name)\r\n3. Virtual environment name: env (name whatever you want)\r\n4. Create in the virtual environment an .env file\r\n5. You must change from set.settings.development to your projectname.settings.development.\r\n6. The same work for the test env", "image": "portfolio/image/f2c052ee-67be-48dd-b6db-db884835e86e.jpeg", "content": "<p>With this code, you can create complex Django-based websites. very fast, just a few steps! Some of the Django Darisset Blog CMS functionality are: 1. Different virtual environments for development, testing and production 2. Internationalization and localization to support multiple languages 3. Project structure 4. HTML5 Boiler Plate 5. Legacy templates 6. robots.txt and human.txt can be configured 7. Organized sitemap.txt 8. SEO 9. Responsive web design 10. already using Boostrap 4 11. Embed youtube and much more In addition, you can learn how to create this CMS concept step by step manually due to structured code writing.</p>", "content_en": "<p>With this code, you can create complex Django-based websites. very fast, just a few steps! Some of the Django Darisset Blog CMS functionality are: 1. Different virtual environments for development, testing and production 2. Internationalization and localization to support multiple languages 3. Project structure 4. HTML5 Boiler Plate 5. Legacy templates 6. robots.txt and human.txt can be configured 7. Organized sitemap.txt 8. SEO 9. Responsive web design 10. already using Boostrap 4 11. Embed youtube and much more In addition, you can learn how to create this CMS concept step by step manually due to structured code writing.</p>", "content_ind": "<p>Dengan kode ini, Anda dapat membuat situs web berbasis Django yang kompleks. sangat cepat, hanya beberapa langkah! Beberapa dari fungsionalitas CMS Blog Darisset Django adalah: 1. lingkungan virtual yang berbeda untuk pengembangan, pengujian, dan produksi 2. Internasionalisasi dan lokalisasi untuk mendukung berbagai bahasa 3. Struktur proyek 4. Pelat Ketel HTML5 5. Template warisan 6. robots.txt dan human.txt dapat dikonfigurasi 7. sitemap.txt yang terorganisir 8. SEO 9. Desain web responsif 10. sudah menggunakan Boostrap 4 11. Sematkan youtube dan banyak lagi Selain itu, Anda dapat mempelajari cara membuat konsep CMS ini selangkah demi selangkah secara manual karena penulisan kode yang terstruktur.</p>", "tools": "Python, Javascript, Html, CSS and Django", "demo": "https://darisset.herokuapp.com/en/", "github": "https://github.com/danangharissetiawan/darisset.site", "pub_date": "2021-08-23T16:41:54Z", "publish": true, "category": [1, 2]}}, {"model": "portfolio.portfolio", "pk": 2, "fields": {"user": 1, "title": "Analysis Covid19 Python", "title_en": "Analysis Covid19 Python", "title_ind": "Analysis Covid19 Python", "slug": "analysis-covid19-python", "abstract": "To shorten and simplify the work, we are using two great python libraries namely Pandas and Matplotlib.", "image": "portfolio/image/f6c0106d-3f56-4d88-a238-897f9fcae9d4.jpeg", "content": "The data we take from the datasets of the Humanitarian, because they package the data carefully, accurately and up to date, and the data they present is in the form of CSV.\r\n\r\nDatasets --> https://data.humdata.org/dataset/novel-coronavirus-2019-ncov-cases\r\n\r\nTo shorten and simplify the work, we are using two great python libraries namely Pandas and Matplotlib.", "content_en": "The data we take from the datasets of the Humanitarian, because they package the data carefully, accurately and up to date, and the data they present is in the form of CSV.\r\n\r\nDatasets --> https://data.humdata.org/dataset/novel-coronavirus-2019-ncov-cases\r\n\r\nTo shorten and simplify the work, we are using two great python libraries namely Pandas and Matplotlib.", "content_ind": "Data yang kami ambil dari dataset Humanitarian, karena mereka mengemas data dengan hati-hati, akurat dan up to date, dan data yang mereka sajikan dalam bentuk CSV.\r\n\r\nKumpulan Data --> https://data.humdata.org/dataset/novel-coronavirus-2019-ncov-cases\r\n\r\nUntuk mempersingkat dan menyederhanakan pekerjaan, kami menggunakan dua pustaka python hebat yaitu Pandas dan Matplotlib.", "tools": "Python, Pandas, Matplotlib", "demo": "https://github.com/danangharissetiawan/analysis-covid19-python", "github": "https://github.com/danangharissetiawan/analysis-covid19-python", "pub_date": "2021-08-22T14:00:10Z", "publish": true, "category": [5]}}, {"model": "portfolio.portfolio", "pk": 3, "fields": {"user": 1, "title": "Google Place Tranc API", "title_en": "Google Place Tranc API", "title_ind": "Google Place Tranc API", "slug": "google-place-tranc-api", "abstract": "Lorem ipsum dolor sit amet, consectetur adipiscing elit. Sed eu risus nunc. Morbi vehicula mauris et odio tempus, nec ultricies tellus aliquam. Pellentesque semper porttitor elit, vitae imperdiet ipsum consequat ut. Donec in urna nulla. Nam ut scelerisque neque. Ut eros mi, posuere sed sem vel, accumsan blandit ante.", "image": "portfolio/image/d2cb7bfe-0dc6-4d59-b0f3-e9fef35c66ae.jpeg", "content": "Lorem ipsum dolor sit amet, consectetur adipiscing elit. Sed eu risus nunc. Morbi vehicula mauris et odio tempus, nec ultricies tellus aliquam. Pellentesque semper porttitor elit, vitae imperdiet ipsum consequat ut. Donec in urna nulla. Nam ut scelerisque neque. Ut eros mi, posuere sed sem vel, accumsan blandit ante. Etiam tempus, erat quis tempus interdum, mi arcu vehicula ex, ac accumsan ligula risus id diam. Donec imperdiet risus nec pretium facilisis. Aenean a massa semper, pellentesque velit quis, bibendum erat. Nam molestie at nisi nec scelerisque. Praesent in placerat leo. Duis nec mattis ante. Aliquam ut purus ut orci vestibulum dapibus et eu purus. Nulla pretium neque eleifend orci viverra, id efficitur urna sodales. Nullam posuere dui sit amet sagittis lobortis. Donec eleifend mauris et quam bibendum, ut pellentesque turpis suscipit.\r\n\r\nQuisque vel nunc vestibulum, pretium ex ac, maximus ante. In fringilla lobortis quam sed commodo. Praesent tempus vehicula elit, nec tristique velit sollicitudin non. Sed porttitor orci sem, quis convallis nisl ultricies ac. Cras maximus, orci sed placerat dictum, erat velit pharetra dolor, eget maximus neque dolor et ligula. Nulla facilisi. Nulla accumsan ante tellus, a maximus risus pulvinar quis. Nunc dolor mauris, faucibus at condimentum sed, viverra et mauris. Donec mollis ligula mattis sollicitudin iaculis. Nulla blandit quis justo vel faucibus. Morbi id tincidunt augue. Pellentesque ultricies ut mauris et ornare. Vivamus quis urna semper, condimentum dui a, aliquet nisl. In hac habitasse platea dictumst. Aenean tempor laoreet nibh nec tincidunt. Donec porttitor scelerisque justo maximus pharetra.\r\n\r\nIn sed volutpat nisl, tincidunt bibendum ligula. Donec nec tellus placerat, sagittis urna id, vestibulum nibh. Duis volutpat ullamcorper maximus. Praesent quis fermentum orci, id malesuada enim. Suspendisse nunc lectus, facilisis vitae accumsan pretium, pellentesque eu felis. Donec dapibus nisl fermentum orci porttitor, eu sodales turpis commodo. Duis vel purus bibendum, cursus nisi eget, lacinia ipsum.\r\n\r\nMaecenas non tincidunt augue, in placerat tortor. Donec eleifend, sem et aliquam tincidunt, lacus ante tincidunt odio, et imperdiet leo erat ac tortor. Sed lectus dui, eleifend at elementum eu, sollicitudin non sapien. Morbi convallis elit id quam venenatis, vel eleifend magna eleifend. Ut non pharetra lorem. Suspendisse potenti. Sed ultricies venenatis molestie. Quisque auctor sollicitudin pulvinar. Curabitur ac turpis ut leo tincidunt convallis eget ac tortor.", "content_en": "Lorem ipsum dolor sit amet, consectetur adipiscing elit. Sed eu risus nunc. Morbi vehicula mauris et odio tempus, nec ultricies tellus aliquam. Pellentesque semper porttitor elit, vitae imperdiet ipsum consequat ut. Donec in urna nulla. Nam ut scelerisque neque. Ut eros mi, posuere sed sem vel, accumsan blandit ante. Etiam tempus, erat quis tempus interdum, mi arcu vehicula ex, ac accumsan ligula risus id diam. Donec imperdiet risus nec pretium facilisis. Aenean a massa semper, pellentesque velit quis, bibendum erat. Nam molestie at nisi nec scelerisque. Praesent in placerat leo. Duis nec mattis ante. Aliquam ut purus ut orci vestibulum dapibus et eu purus. Nulla pretium neque eleifend orci viverra, id efficitur urna sodales. Nullam posuere dui sit amet sagittis lobortis. Donec eleifend mauris et quam bibendum, ut pellentesque turpis suscipit.\r\n\r\nQuisque vel nunc vestibulum, pretium ex ac, maximus ante. In fringilla lobortis quam sed commodo. Praesent tempus vehicula elit, nec tristique velit sollicitudin non. Sed porttitor orci sem, quis convallis nisl ultricies ac. Cras maximus, orci sed placerat dictum, erat velit pharetra dolor, eget maximus neque dolor et ligula. Nulla facilisi. Nulla accumsan ante tellus, a maximus risus pulvinar quis. Nunc dolor mauris, faucibus at condimentum sed, viverra et mauris. Donec mollis ligula mattis sollicitudin iaculis. Nulla blandit quis justo vel faucibus. Morbi id tincidunt augue. Pellentesque ultricies ut mauris et ornare. Vivamus quis urna semper, condimentum dui a, aliquet nisl. In hac habitasse platea dictumst. Aenean tempor laoreet nibh nec tincidunt. Donec porttitor scelerisque justo maximus pharetra.\r\n\r\nIn sed volutpat nisl, tincidunt bibendum ligula. Donec nec tellus placerat, sagittis urna id, vestibulum nibh. Duis volutpat ullamcorper maximus. Praesent quis fermentum orci, id malesuada enim. Suspendisse nunc lectus, facilisis vitae accumsan pretium, pellentesque eu felis. Donec dapibus nisl fermentum orci porttitor, eu sodales turpis commodo. Duis vel purus bibendum, cursus nisi eget, lacinia ipsum.\r\n\r\nMaecenas non tincidunt augue, in placerat tortor. Donec eleifend, sem et aliquam tincidunt, lacus ante tincidunt odio, et imperdiet leo erat ac tortor. Sed lectus dui, eleifend at elementum eu, sollicitudin non sapien. Morbi convallis elit id quam venenatis, vel eleifend magna eleifend. Ut non pharetra lorem. Suspendisse potenti. Sed ultricies venenatis molestie. Quisque auctor sollicitudin pulvinar. Curabitur ac turpis ut leo tincidunt convallis eget ac tortor.", "content_ind": "Lorem ipsum dolor sit amet, consectetur adipiscing elit. Sed eu risus nunc. Morbi vehicula mauris et odio tempus, nec ultricies tellus aliquam. Pellentesque semper porttitor elit, vitae imperdiet ipsum consequat ut. Donec in urna nulla. Nam ut scelerisque neque. Ut eros mi, posuere sed sem vel, accumsan blandit ante. Etiam tempus, erat quis tempus interdum, mi arcu vehicula ex, ac accumsan ligula risus id diam. Donec imperdiet risus nec pretium facilisis. Aenean a massa semper, pellentesque velit quis, bibendum erat. Nam molestie at nisi nec scelerisque. Praesent in placerat leo. Duis nec mattis ante. Aliquam ut purus ut orci vestibulum dapibus et eu purus. Nulla pretium neque eleifend orci viverra, id efficitur urna sodales. Nullam posuere dui sit amet sagittis lobortis. Donec eleifend mauris et quam bibendum, ut pellentesque turpis suscipit.\r\n\r\nQuisque vel nunc vestibulum, pretium ex ac, maximus ante. In fringilla lobortis quam sed commodo. Praesent tempus vehicula elit, nec tristique velit sollicitudin non. Sed porttitor orci sem, quis convallis nisl ultricies ac. Cras maximus, orci sed placerat dictum, erat velit pharetra dolor, eget maximus neque dolor et ligula. Nulla facilisi. Nulla accumsan ante tellus, a maximus risus pulvinar quis. Nunc dolor mauris, faucibus at condimentum sed, viverra et mauris. Donec mollis ligula mattis sollicitudin iaculis. Nulla blandit quis justo vel faucibus. Morbi id tincidunt augue. Pellentesque ultricies ut mauris et ornare. Vivamus quis urna semper, condimentum dui a, aliquet nisl. In hac habitasse platea dictumst. Aenean tempor laoreet nibh nec tincidunt. Donec porttitor scelerisque justo maximus pharetra.\r\n\r\nIn sed volutpat nisl, tincidunt bibendum ligula. Donec nec tellus placerat, sagittis urna id, vestibulum nibh. Duis volutpat ullamcorper maximus. Praesent quis fermentum orci, id malesuada enim. Suspendisse nunc lectus, facilisis vitae accumsan pretium, pellentesque eu felis. Donec dapibus nisl fermentum orci porttitor, eu sodales turpis commodo. Duis vel purus bibendum, cursus nisi eget, lacinia ipsum.\r\n\r\nMaecenas non tincidunt augue, in placerat tortor. Donec eleifend, sem et aliquam tincidunt, lacus ante tincidunt odio, et imperdiet leo erat ac tortor. Sed lectus dui, eleifend at elementum eu, sollicitudin non sapien. Morbi convallis elit id quam venenatis, vel eleifend magna eleifend. Ut non pharetra lorem. Suspendisse potenti. Sed ultricies venenatis molestie. Quisque auctor sollicitudin pulvinar. Curabitur ac turpis ut leo tincidunt convallis eget ac tortor.", "tools": "Django, Google Api, reCAPTCHA", "demo": "https://github.com/danangharissetiawan/django_google_api", "github": "https://github.com/danangharissetiawan/django_google_api", "pub_date": "2021-08-22T14:02:27Z", "publish": true, "category": [1, 2]}}, {"model": "portfolio.portfolio", "pk": 4, "fields": {"user": 1, "title": "Real Time Chat App", "title_en": "Real Time Chat App", "title_ind": "Real Time Chat App", "slug": "real-time-chat-app", "abstract": "Sed ultricies venenatis molestie. Quisque auctor sollicitudin pulvinar. Curabitur ac turpis ut leo tincidunt convallis eget ac tortor.", "image": "portfolio/image/b431dd00-00c4-4664-a714-f96352933603.jpeg", "content": "Lorem ipsum dolor sit amet, consectetur adipiscing elit. Sed eu risus nunc. Morbi vehicula mauris et odio tempus, nec ultricies tellus aliquam. Pellentesque semper porttitor elit, vitae imperdiet ipsum consequat ut. Donec in urna nulla. Nam ut scelerisque neque. Ut eros mi, posuere sed sem vel, accumsan blandit ante. Etiam tempus, erat quis tempus interdum, mi arcu vehicula ex, ac accumsan ligula risus id diam. Donec imperdiet risus nec pretium facilisis. Aenean a massa semper, pellentesque velit quis, bibendum erat. Nam molestie at nisi nec scelerisque. Praesent in placerat leo. Duis nec mattis ante. Aliquam ut purus ut orci vestibulum dapibus et eu purus. Nulla pretium neque eleifend orci viverra, id efficitur urna sodales. Nullam posuere dui sit amet sagittis lobortis. Donec eleifend mauris et quam bibendum, ut pellentesque turpis suscipit.\r\n\r\nQuisque vel nunc vestibulum, pretium ex ac, maximus ante. In fringilla lobortis quam sed commodo. Praesent tempus vehicula elit, nec tristique velit sollicitudin non. Sed porttitor orci sem, quis convallis nisl ultricies ac. Cras maximus, orci sed placerat dictum, erat velit pharetra dolor, eget maximus neque dolor et ligula. Nulla facilisi. Nulla accumsan ante tellus, a maximus risus pulvinar quis. Nunc dolor mauris, faucibus at condimentum sed, viverra et mauris. Donec mollis ligula mattis sollicitudin iaculis. Nulla blandit quis justo vel faucibus. Morbi id tincidunt augue. Pellentesque ultricies ut mauris et ornare. Vivamus quis urna semper, condimentum dui a, aliquet nisl. In hac habitasse platea dictumst. Aenean tempor laoreet nibh nec tincidunt. Donec porttitor scelerisque justo maximus pharetra.\r\n\r\nIn sed volutpat nisl, tincidunt bibendum ligula. Donec nec tellus placerat, sagittis urna id, vestibulum nibh. Duis volutpat ullamcorper maximus. Praesent quis fermentum orci, id malesuada enim. Suspendisse nunc lectus, facilisis vitae accumsan pretium, pellentesque eu felis. Donec dapibus nisl fermentum orci porttitor, eu sodales turpis commodo. Duis vel purus bibendum, cursus nisi eget, lacinia ipsum.\r\n\r\nMaecenas non tincidunt augue, in placerat tortor. Donec eleifend, sem et aliquam tincidunt, lacus ante tincidunt odio, et imperdiet leo erat ac tortor. Sed lectus dui, eleifend at elementum eu, sollicitudin non sapien. Morbi convallis elit id quam venenatis, vel eleifend magna eleifend. Ut non pharetra lorem. Suspendisse potenti. Sed ultricies venenatis molestie. Quisque auctor sollicitudin pulvinar. Curabitur ac turpis ut leo tincidunt convallis eget ac tortor.", "content_en": "Lorem ipsum dolor sit amet, consectetur adipiscing elit. Sed eu risus nunc. Morbi vehicula mauris et odio tempus, nec ultricies tellus aliquam. Pellentesque semper porttitor elit, vitae imperdiet ipsum consequat ut. Donec in urna nulla. Nam ut scelerisque neque. Ut eros mi, posuere sed sem vel, accumsan blandit ante. Etiam tempus, erat quis tempus interdum, mi arcu vehicula ex, ac accumsan ligula risus id diam. Donec imperdiet risus nec pretium facilisis. Aenean a massa semper, pellentesque velit quis, bibendum erat. Nam molestie at nisi nec scelerisque. Praesent in placerat leo. Duis nec mattis ante. Aliquam ut purus ut orci vestibulum dapibus et eu purus. Nulla pretium neque eleifend orci viverra, id efficitur urna sodales. Nullam posuere dui sit amet sagittis lobortis. Donec eleifend mauris et quam bibendum, ut pellentesque turpis suscipit.\r\n\r\nQuisque vel nunc vestibulum, pretium ex ac, maximus ante. In fringilla lobortis quam sed commodo. Praesent tempus vehicula elit, nec tristique velit sollicitudin non. Sed porttitor orci sem, quis convallis nisl ultricies ac. Cras maximus, orci sed placerat dictum, erat velit pharetra dolor, eget maximus neque dolor et ligula. Nulla facilisi. Nulla accumsan ante tellus, a maximus risus pulvinar quis. Nunc dolor mauris, faucibus at condimentum sed, viverra et mauris. Donec mollis ligula mattis sollicitudin iaculis. Nulla blandit quis justo vel faucibus. Morbi id tincidunt augue. Pellentesque ultricies ut mauris et ornare. Vivamus quis urna semper, condimentum dui a, aliquet nisl. In hac habitasse platea dictumst. Aenean tempor laoreet nibh nec tincidunt. Donec porttitor scelerisque justo maximus pharetra.\r\n\r\nIn sed volutpat nisl, tincidunt bibendum ligula. Donec nec tellus placerat, sagittis urna id, vestibulum nibh. Duis volutpat ullamcorper maximus. Praesent quis fermentum orci, id malesuada enim. Suspendisse nunc lectus, facilisis vitae accumsan pretium, pellentesque eu felis. Donec dapibus nisl fermentum orci porttitor, eu sodales turpis commodo. Duis vel purus bibendum, cursus nisi eget, lacinia ipsum.\r\n\r\nMaecenas non tincidunt augue, in placerat tortor. Donec eleifend, sem et aliquam tincidunt, lacus ante tincidunt odio, et imperdiet leo erat ac tortor. Sed lectus dui, eleifend at elementum eu, sollicitudin non sapien. Morbi convallis elit id quam venenatis, vel eleifend magna eleifend. Ut non pharetra lorem. Suspendisse potenti. Sed ultricies venenatis molestie. Quisque auctor sollicitudin pulvinar. Curabitur ac turpis ut leo tincidunt convallis eget ac tortor.", "content_ind": "Lorem ipsum dolor sit amet, consectetur adipiscing elit. Sed eu risus nunc. Morbi vehicula mauris et odio tempus, nec ultricies tellus aliquam. Pellentesque semper porttitor elit, vitae imperdiet ipsum consequat ut. Donec in urna nulla. Nam ut scelerisque neque. Ut eros mi, posuere sed sem vel, accumsan blandit ante. Etiam tempus, erat quis tempus interdum, mi arcu vehicula ex, ac accumsan ligula risus id diam. Donec imperdiet risus nec pretium facilisis. Aenean a massa semper, pellentesque velit quis, bibendum erat. Nam molestie at nisi nec scelerisque. Praesent in placerat leo. Duis nec mattis ante. Aliquam ut purus ut orci vestibulum dapibus et eu purus. Nulla pretium neque eleifend orci viverra, id efficitur urna sodales. Nullam posuere dui sit amet sagittis lobortis. Donec eleifend mauris et quam bibendum, ut pellentesque turpis suscipit.\r\n\r\nQuisque vel nunc vestibulum, pretium ex ac, maximus ante. In fringilla lobortis quam sed commodo. Praesent tempus vehicula elit, nec tristique velit sollicitudin non. Sed porttitor orci sem, quis convallis nisl ultricies ac. Cras maximus, orci sed placerat dictum, erat velit pharetra dolor, eget maximus neque dolor et ligula. Nulla facilisi. Nulla accumsan ante tellus, a maximus risus pulvinar quis. Nunc dolor mauris, faucibus at condimentum sed, viverra et mauris. Donec mollis ligula mattis sollicitudin iaculis. Nulla blandit quis justo vel faucibus. Morbi id tincidunt augue. Pellentesque ultricies ut mauris et ornare. Vivamus quis urna semper, condimentum dui a, aliquet nisl. In hac habitasse platea dictumst. Aenean tempor laoreet nibh nec tincidunt. Donec porttitor scelerisque justo maximus pharetra.\r\n\r\nIn sed volutpat nisl, tincidunt bibendum ligula. Donec nec tellus placerat, sagittis urna id, vestibulum nibh. Duis volutpat ullamcorper maximus. Praesent quis fermentum orci, id malesuada enim. Suspendisse nunc lectus, facilisis vitae accumsan pretium, pellentesque eu felis. Donec dapibus nisl fermentum orci porttitor, eu sodales turpis commodo. Duis vel purus bibendum, cursus nisi eget, lacinia ipsum.\r\n\r\nMaecenas non tincidunt augue, in placerat tortor. Donec eleifend, sem et aliquam tincidunt, lacus ante tincidunt odio, et imperdiet leo erat ac tortor. Sed lectus dui, eleifend at elementum eu, sollicitudin non sapien. Morbi convallis elit id quam venenatis, vel eleifend magna eleifend. Ut non pharetra lorem. Suspendisse potenti. Sed ultricies venenatis molestie. Quisque auctor sollicitudin pulvinar. Curabitur ac turpis ut leo tincidunt convallis eget ac tortor.", "tools": "Django, Javascript, React", "demo": "https://github.com/danangharissetiawan/django-chat", "github": "https://github.com/danangharissetiawan/django-chat", "pub_date": "2021-08-22T14:05:07Z", "publish": true, "category": [1, 2]}}, {"model": "portfolio.portfolio", "pk": 5, "fields": {"user": 1, "title": "DANI Construction", "title_en": "DANI Construction", "title_ind": "DANI Construction", "slug": "dani-construction", "abstract": "Ut non pharetra lorem. Suspendisse potenti. Sed ultricies venenatis molestie. Quisque auctor sollicitudin pulvinar. Curabitur ac turpis ut leo tincidunt convallis eget ac tortor.", "image": "portfolio/image/a416e6c4-96b8-4bed-8057-ebd6dc9a6357.jpeg", "content": "Lorem ipsum dolor sit amet, consectetur adipiscing elit. Sed eu risus nunc. Morbi vehicula mauris et odio tempus, nec ultricies tellus aliquam. Pellentesque semper porttitor elit, vitae imperdiet ipsum consequat ut. Donec in urna nulla. Nam ut scelerisque neque. Ut eros mi, posuere sed sem vel, accumsan blandit ante. Etiam tempus, erat quis tempus interdum, mi arcu vehicula ex, ac accumsan ligula risus id diam. Donec imperdiet risus nec pretium facilisis. Aenean a massa semper, pellentesque velit quis, bibendum erat. Nam molestie at nisi nec scelerisque. Praesent in placerat leo. Duis nec mattis ante. Aliquam ut purus ut orci vestibulum dapibus et eu purus. Nulla pretium neque eleifend orci viverra, id efficitur urna sodales. Nullam posuere dui sit amet sagittis lobortis. Donec eleifend mauris et quam bibendum, ut pellentesque turpis suscipit.\r\n\r\nQuisque vel nunc vestibulum, pretium ex ac, maximus ante. In fringilla lobortis quam sed commodo. Praesent tempus vehicula elit, nec tristique velit sollicitudin non. Sed porttitor orci sem, quis convallis nisl ultricies ac. Cras maximus, orci sed placerat dictum, erat velit pharetra dolor, eget maximus neque dolor et ligula. Nulla facilisi. Nulla accumsan ante tellus, a maximus risus pulvinar quis. Nunc dolor mauris, faucibus at condimentum sed, viverra et mauris. Donec mollis ligula mattis sollicitudin iaculis. Nulla blandit quis justo vel faucibus. Morbi id tincidunt augue. Pellentesque ultricies ut mauris et ornare. Vivamus quis urna semper, condimentum dui a, aliquet nisl. In hac habitasse platea dictumst. Aenean tempor laoreet nibh nec tincidunt. Donec porttitor scelerisque justo maximus pharetra.\r\n\r\nIn sed volutpat nisl, tincidunt bibendum ligula. Donec nec tellus placerat, sagittis urna id, vestibulum nibh. Duis volutpat ullamcorper maximus. Praesent quis fermentum orci, id malesuada enim. Suspendisse nunc lectus, facilisis vitae accumsan pretium, pellentesque eu felis. Donec dapibus nisl fermentum orci porttitor, eu sodales turpis commodo. Duis vel purus bibendum, cursus nisi eget, lacinia ipsum.\r\n\r\nMaecenas non tincidunt augue, in placerat tortor. Donec eleifend, sem et aliquam tincidunt, lacus ante tincidunt odio, et imperdiet leo erat ac tortor. Sed lectus dui, eleifend at elementum eu, sollicitudin non sapien. Morbi convallis elit id quam venenatis, vel eleifend magna eleifend. Ut non pharetra lorem. Suspendisse potenti. Sed ultricies venenatis molestie. Quisque auctor sollicitudin pulvinar. Curabitur ac turpis ut leo tincidunt convallis eget ac tortor.\r\n\r\nCurabitur tincidunt ac eros commodo gravida. Nulla blandit facilisis magna, at hendrerit neque egestas eu. Fusce egestas nibh sit amet sodales convallis. Ut odio turpis, efficitur a interdum in, accumsan vel urna. Ut ac tempus diam, ut vestibulum quam. Quisque eu auctor purus. Proin vitae erat mollis, eleifend enim vitae, porta arcu. Phasellus scelerisque sagittis fermentum. Ut quis nulla at massa rhoncus efficitur. Orci varius natoque penatibus et magnis dis parturient montes, nascetur ridiculus mus. Nam massa tellus, scelerisque nec turpis vitae, aliquet maximus nunc. Nullam laoreet id lorem in pulvinar.", "content_en": "Lorem ipsum dolor sit amet, consectetur adipiscing elit. Sed eu risus nunc. Morbi vehicula mauris et odio tempus, nec ultricies tellus aliquam. Pellentesque semper porttitor elit, vitae imperdiet ipsum consequat ut. Donec in urna nulla. Nam ut scelerisque neque. Ut eros mi, posuere sed sem vel, accumsan blandit ante. Etiam tempus, erat quis tempus interdum, mi arcu vehicula ex, ac accumsan ligula risus id diam. Donec imperdiet risus nec pretium facilisis. Aenean a massa semper, pellentesque velit quis, bibendum erat. Nam molestie at nisi nec scelerisque. Praesent in placerat leo. Duis nec mattis ante. Aliquam ut purus ut orci vestibulum dapibus et eu purus. Nulla pretium neque eleifend orci viverra, id efficitur urna sodales. Nullam posuere dui sit amet sagittis lobortis. Donec eleifend mauris et quam bibendum, ut pellentesque turpis suscipit.\r\n\r\nQuisque vel nunc vestibulum, pretium ex ac, maximus ante. In fringilla lobortis quam sed commodo. Praesent tempus vehicula elit, nec tristique velit sollicitudin non. Sed porttitor orci sem, quis convallis nisl ultricies ac. Cras maximus, orci sed placerat dictum, erat velit pharetra dolor, eget maximus neque dolor et ligula. Nulla facilisi. Nulla accumsan ante tellus, a maximus risus pulvinar quis. Nunc dolor mauris, faucibus at condimentum sed, viverra et mauris. Donec mollis ligula mattis sollicitudin iaculis. Nulla blandit quis justo vel faucibus. Morbi id tincidunt augue. Pellentesque ultricies ut mauris et ornare. Vivamus quis urna semper, condimentum dui a, aliquet nisl. In hac habitasse platea dictumst. Aenean tempor laoreet nibh nec tincidunt. Donec porttitor scelerisque justo maximus pharetra.\r\n\r\nIn sed volutpat nisl, tincidunt bibendum ligula. Donec nec tellus placerat, sagittis urna id, vestibulum nibh. Duis volutpat ullamcorper maximus. Praesent quis fermentum orci, id malesuada enim. Suspendisse nunc lectus, facilisis vitae accumsan pretium, pellentesque eu felis. Donec dapibus nisl fermentum orci porttitor, eu sodales turpis commodo. Duis vel purus bibendum, cursus nisi eget, lacinia ipsum.\r\n\r\nMaecenas non tincidunt augue, in placerat tortor. Donec eleifend, sem et aliquam tincidunt, lacus ante tincidunt odio, et imperdiet leo erat ac tortor. Sed lectus dui, eleifend at elementum eu, sollicitudin non sapien. Morbi convallis elit id quam venenatis, vel eleifend magna eleifend. Ut non pharetra lorem. Suspendisse potenti. Sed ultricies venenatis molestie. Quisque auctor sollicitudin pulvinar. Curabitur ac turpis ut leo tincidunt convallis eget ac tortor.\r\n\r\nCurabitur tincidunt ac eros commodo gravida. Nulla blandit facilisis magna, at hendrerit neque egestas eu. Fusce egestas nibh sit amet sodales convallis. Ut odio turpis, efficitur a interdum in, accumsan vel urna. Ut ac tempus diam, ut vestibulum quam. Quisque eu auctor purus. Proin vitae erat mollis, eleifend enim vitae, porta arcu. Phasellus scelerisque sagittis fermentum. Ut quis nulla at massa rhoncus efficitur. Orci varius natoque penatibus et magnis dis parturient montes, nascetur ridiculus mus. Nam massa tellus, scelerisque nec turpis vitae, aliquet maximus nunc. Nullam laoreet id lorem in pulvinar.", "content_ind": "Lorem ipsum dolor sit amet, consectetur adipiscing elit. Sed eu risus nunc. Morbi vehicula mauris et odio tempus, nec ultricies tellus aliquam. Pellentesque semper porttitor elit, vitae imperdiet ipsum consequat ut. Donec in urna nulla. Nam ut scelerisque neque. Ut eros mi, posuere sed sem vel, accumsan blandit ante. Etiam tempus, erat quis tempus interdum, mi arcu vehicula ex, ac accumsan ligula risus id diam. Donec imperdiet risus nec pretium facilisis. Aenean a massa semper, pellentesque velit quis, bibendum erat. Nam molestie at nisi nec scelerisque. Praesent in placerat leo. Duis nec mattis ante. Aliquam ut purus ut orci vestibulum dapibus et eu purus. Nulla pretium neque eleifend orci viverra, id efficitur urna sodales. Nullam posuere dui sit amet sagittis lobortis. Donec eleifend mauris et quam bibendum, ut pellentesque turpis suscipit.\r\n\r\nQuisque vel nunc vestibulum, pretium ex ac, maximus ante. In fringilla lobortis quam sed commodo. Praesent tempus vehicula elit, nec tristique velit sollicitudin non. Sed porttitor orci sem, quis convallis nisl ultricies ac. Cras maximus, orci sed placerat dictum, erat velit pharetra dolor, eget maximus neque dolor et ligula. Nulla facilisi. Nulla accumsan ante tellus, a maximus risus pulvinar quis. Nunc dolor mauris, faucibus at condimentum sed, viverra et mauris. Donec mollis ligula mattis sollicitudin iaculis. Nulla blandit quis justo vel faucibus. Morbi id tincidunt augue. Pellentesque ultricies ut mauris et ornare. Vivamus quis urna semper, condimentum dui a, aliquet nisl. In hac habitasse platea dictumst. Aenean tempor laoreet nibh nec tincidunt. Donec porttitor scelerisque justo maximus pharetra.\r\n\r\nIn sed volutpat nisl, tincidunt bibendum ligula. Donec nec tellus placerat, sagittis urna id, vestibulum nibh. Duis volutpat ullamcorper maximus. Praesent quis fermentum orci, id malesuada enim. Suspendisse nunc lectus, facilisis vitae accumsan pretium, pellentesque eu felis. Donec dapibus nisl fermentum orci porttitor, eu sodales turpis commodo. Duis vel purus bibendum, cursus nisi eget, lacinia ipsum.\r\n\r\nMaecenas non tincidunt augue, in placerat tortor. Donec eleifend, sem et aliquam tincidunt, lacus ante tincidunt odio, et imperdiet leo erat ac tortor. Sed lectus dui, eleifend at elementum eu, sollicitudin non sapien. Morbi convallis elit id quam venenatis, vel eleifend magna eleifend. Ut non pharetra lorem. Suspendisse potenti. Sed ultricies venenatis molestie. Quisque auctor sollicitudin pulvinar. Curabitur ac turpis ut leo tincidunt convallis eget ac tortor.\r\n\r\nCurabitur tincidunt ac eros commodo gravida. Nulla blandit facilisis magna, at hendrerit neque egestas eu. Fusce egestas nibh sit amet sodales convallis. Ut odio turpis, efficitur a interdum in, accumsan vel urna. Ut ac tempus diam, ut vestibulum quam. Quisque eu auctor purus. Proin vitae erat mollis, eleifend enim vitae, porta arcu. Phasellus scelerisque sagittis fermentum. Ut quis nulla at massa rhoncus efficitur. Orci varius natoque penatibus et magnis dis parturient montes, nascetur ridiculus mus. Nam massa tellus, scelerisque nec turpis vitae, aliquet maximus nunc. Nullam laoreet id lorem in pulvinar.", "tools": "Django, Javascript, Html, CSS", "demo": "https://dani-cons.com", "github": "https://github.com/danangharissetiawan", "pub_date": "2021-08-22T14:06:10Z", "publish": true, "category": [1, 3, 4]}}, {"model": "portfolio.message", "pk": 1, "fields": {"name": "Danang Haris Setiawan", "email": "mr.danangharissetiawan@gmail.com", "subject": "hello", "message": "tes tes", "send_time": "2021-08-22T14:33:30.588Z", "is_read": false, "captcha_score": 0.0}}, {"model": "portfolio.message", "pk": 2, "fields": {"name": "Danang Haris Setiawan", "email": "mr.danangharissetiawan@gmail.com", "subject": "dfwef", "message": "werwersdffwef", "send_time": "2021-08-22T16:30:21.020Z", "is_read": false, "captcha_score": 0.0}}, {"model": "portfolio.message", "pk": 3, "fields": {"name": "Danang Haris Setiawan", "email": "mr.danangharissetiawan@gmail.com", "subject": "hello", "message": "gdfgfdgfd", "send_time": "2021-08-22T16:31:49.995Z", "is_read": false, "captcha_score": 0.0}}, {"model": "portfolio.message", "pk": 4, "fields": {"name": "Danang Haris Setiawan", "email": "mr.danangharissetiawan@gmail.com", "subject": "dfgfg", "message": "fgdfgdg", "send_time": "2021-08-22T16:33:42.998Z", "is_read": false, "captcha_score": 0.0}}, {"model": "portfolio.message", "pk": 5, "fields": {"name": "Danang Haris Setiawan", "email": "mr.danangharissetiawan@gmail.com", "subject": "hello", "message": "test recaptcha", "send_time": "2021-08-22T16:35:40.876Z", "is_read": false, "captcha_score": 0.0}}, {"model": "portfolio.message", "pk": 6, "fields": {"name": "Danang Haris Setiawan", "email": "mr.danangharissetiawan@gmail.com", "subject": "sdsdf", "message": "sdfsdfdsf", "send_time": "2021-08-22T16:39:25.443Z", "is_read": false, "captcha_score": 0.0}}, {"model": "portfolio.message", "pk": 7, "fields": {"name": "Hasan Basri", "email": "harisdoyle180900@gmail.com", "subject": "sdfasf", "message": "sdgreyryryh ret rtretret", "send_time": "2021-08-22T16:42:00.833Z", "is_read": false, "captcha_score": 0.0}}, {"model": "portfolio.message", "pk": 8, "fields": {"name": "Haris Setiawan", "email": "harisdoyle180900@gmail.com", "subject": "hello", "message": "ewrttretretert", "send_time": "2021-08-22T16:47:31.753Z", "is_read": true, "captcha_score": 0.0}}, {"model": "portfolio.message", "pk": 9, "fields": {"name": "Danang Haris Setiawan", "email": "mr.danangharissetiawan@gmail.com", "subject": "sdfdfsf", "message": "sdfsfsfsfsfsf", "send_time": "2021-08-22T16:50:34.516Z", "is_read": false, "captcha_score": 0.0}}, {"model": "portfolio.message", "pk": 10, "fields": {"name": "Advertising", "email": "mr.danangharissetiawan@gmail.com", "subject": "sdfdfsf", "message": "aaaaaaaaaaaaaaaaaaa", "send_time": "2021-08-22T16:52:14.822Z", "is_read": false, "captcha_score": 0.9}}, {"model": "portfolio.message", "pk": 11, "fields": {"name": "Web Development", "email": "mr.danangharissetiawan@gmail.com", "subject": "hello", "message": "dsfsdfsdfdsfdsfsf", "send_time": "2021-08-22T17:07:28.601Z", "is_read": false, "captcha_score": 0.9}}, {"model": "portfolio.message", "pk": 12, "fields": {"name": "Danang Haris Setiawan", "email": "mr.danangharissetiawan@gmail.com", "subject": "sdfdfsf", "message": "sdfsfsdfsdfdsfdsfsdfsdfdsf", "send_time": "2021-08-22T18:29:10.646Z", "is_read": false, "captcha_score": 0.9}}, {"model": "portfolio.message", "pk": 13, "fields": {"name": "Web Development", "email": "111202013179@mhs.dinus.ac.id", "subject": "sdfdfsf", "message": "ojopjpjpjpojpojp", "send_time": "2021-08-23T08:28:09.817Z", "is_read": false, "captcha_score": 0.9}}, {"model": "portfolio.message", "pk": 14, "fields": {"name": "Danang Haris Setiawan", "email": "mr.danangharissetiawan@gmail.com", "subject": "wewerewr", "message": "Hzhshsis", "send_time": "2021-08-23T13:16:46.054Z", "is_read": false, "captcha_score": 0.9}}, {"model": "portfolio.message", "pk": 15, "fields": {"name": "Danang Haris Setiawan", "email": "mr.danangharissetiawan@gmail.com", "subject": "sdfdfsf", "message": "ml;k;lk;lk;lk;lk;", "send_time": "2021-08-23T17:30:38.806Z", "is_read": false, "captcha_score": 0.9}}, {"model": "portfolio.message", "pk": 16, "fields": {"name": "Danang Haris Setiawan", "email": "mr.danangharissetiawan@gmail.com", "subject": "hello", "message": "iuiuiopuoiuio", "send_time": "2021-08-23T17:33:33.593Z", "is_read": false, "captcha_score": 0.9}}, {"model": "taggit.tag", "pk": 1, "fields": {"name": "course", "slug": "course"}}, {"model": "taggit.tag", "pk": 2, "fields": {"name": "learning", "slug": "learning"}}, {"model": "taggit.tag", "pk": 3, "fields": {"name": "python", "slug": "python"}}, {"model": "taggit.tag", "pk": 4, "fields": {"name": "javascript", "slug": "javascript"}}, {"model": "taggit.tag", "pk": 5, "fields": {"name": "django", "slug": "django"}}, {"model": "taggit.tag", "pk": 6, "fields": {"name": "ajax", "slug": "ajax"}}, {"model": "taggit.tag", "pk": 7, "fields": {"name": "docker", "slug": "docker"}}, {"model": "taggit.tag", "pk": 8, "fields": {"name": "ecommerce", "slug": "ecommerce"}}, {"model": "taggit.taggeditem", "pk": 1, "fields": {"tag": 1, "content_type": 9, "object_id": 1}}, {"model": "taggit.taggeditem", "pk": 2, "fields": {"tag": 2, "content_type": 9, "object_id": 1}}, {"model": "taggit.taggeditem", "pk": 3, "fields": {"tag": 3, "content_type": 9, "object_id": 1}}, {"model": "taggit.taggeditem", "pk": 4, "fields": {"tag": 1, "content_type": 9, "object_id": 2}}, {"model": "taggit.taggeditem", "pk": 5, "fields": {"tag": 2, "content_type": 9, "object_id": 2}}, {"model": "taggit.taggeditem", "pk": 6, "fields": {"tag": 3, "content_type": 9, "object_id": 2}}, {"model": "taggit.taggeditem", "pk": 7, "fields": {"tag": 4, "content_type": 9, "object_id": 3}}, {"model": "taggit.taggeditem", "pk": 8, "fields": {"tag": 5, "content_type": 9, "object_id": 3}}, {"model": "taggit.taggeditem", "pk": 9, "fields": {"tag": 6, "content_type": 9, "object_id": 3}}, {"model": "taggit.taggeditem", "pk": 10, "fields": {"tag": 3, "content_type": 9, "object_id": 4}}, {"model": "taggit.taggeditem", "pk": 11, "fields": {"tag": 5, "content_type": 9, "object_id": 4}}, {"model": "taggit.taggeditem", "pk": 12, "fields": {"tag": 7, "content_type": 9, "object_id": 4}}, {"model": "taggit.taggeditem", "pk": 13, "fields": {"tag": 8, "content_type": 9, "object_id": 5}}, {"model": "taggit.taggeditem", "pk": 14, "fields": {"tag": 3, "content_type": 9, "object_id": 5}}, {"model": "taggit.taggeditem", "pk": 15, "fields": {"tag": 5, "content_type": 9, "object_id": 5}}, {"model": "taggit.taggeditem", "pk": 16, "fields": {"tag": 8, "content_type": 9, "object_id": 6}}, {"model": "taggit.taggeditem", "pk": 17, "fields": {"tag": 3, "content_type": 9, "object_id": 6}}, {"model": "taggit.taggeditem", "pk": 18, "fields": {"tag": 5, "content_type": 9, "object_id": 6}}, {"model": "taggit.taggeditem", "pk": 19, "fields": {"tag": 1, "content_type": 9, "object_id": 7}}, {"model": "taggit.taggeditem", "pk": 20, "fields": {"tag": 2, "content_type": 9, "object_id": 7}}, {"model": "taggit.taggeditem", "pk": 21, "fields": {"tag": 3, "content_type": 9, "object_id": 7}}, {"model": "taggit.taggeditem", "pk": 22, "fields": {"tag": 1, "content_type": 9, "object_id": 8}}, {"model": "taggit.taggeditem", "pk": 23, "fields": {"tag": 2, "content_type": 9, "object_id": 8}}, {"model": "taggit.taggeditem", "pk": 24, "fields": {"tag": 3, "content_type": 9, "object_id": 8}}, {"model": "accounts.profile", "pk": 1, "fields": {"user": 1, "created_on": "2021-08-19T16:25:21Z", "updated_on": "2021-08-23T16:53:51.452Z", "avatar": "user/avatars/1/Salinan_dari_Salinan_dari_haris_software_developer_xoX0ZQD.png", "email_confirmed": true, "captcha_score": 0.0, "has_profile": true, "is_active": true}}, {"model": "accounts.profile", "pk": 8, "fields": {"user": 8, "created_on": "2021-08-20T17:36:42.715Z", "updated_on": "2021-08-23T08:25:54.541Z", "avatar": "user/avatars/8/Salinan_dari_Salinan_dari_haris_software_developer_yHQ7tVn.png", "email_confirmed": true, "captcha_score": 0.9, "has_profile": true, "is_active": false}}, {"model": "accounts.profile", "pk": 10, "fields": {"user": 10, "created_on": "2021-08-23T16:55:08.334Z", "updated_on": "2021-08-23T17:01:45.298Z", "avatar": "user/avatar.png", "email_confirmed": true, "captcha_score": 0.9, "has_profile": true, "is_active": false}}, {"model": "newsletter.newsletter", "pk": 1, "fields": {"title": "myblog", "slug": "myblog", "email": "mr.danangharissetiawan@gmail.com", "sender": "RISSET", "visible": true, "send_html": true, "site": [1]}}, {"model": "newsletter.subscription", "pk": 3, "fields": {"user": 1, "name_field": null, "email_field": null, "ip": null, "newsletter": 1, "create_date": "2021-08-23T12:48:02.670Z", "activation_code": "SokAh2tEBohMvK3u7BDbs05Ps7nF3UeFGI5dMq7w", "subscribed": false, "subscribe_date": null, "unsubscribed": false, "unsubscribe_date": null}}, {"model": "newsletter.subscription", "pk": 4, "fields": {"user": null, "name_field": "danang", "email_field": "harisdoyle180900@gmail.com", "ip": "127.0.0.1", "newsletter": 1, "create_date": "2021-08-23T13:07:41.268Z", "activation_code": "KgVlEgW6UUo1RgNjFX24XOUZCoVpvB4XkiOlC9Go", "subscribed": true, "subscribe_date": "2021-08-23T13:18:09.127Z", "unsubscribed": false, "unsubscribe_date": null}}, {"model": "newsletter.subscription", "pk": 5, "fields": {"user": null, "name_field": "danang haris", "email_field": "rissetku@gmail.com", "ip": "127.0.0.1", "newsletter": 1, "create_date": "2021-08-23T13:10:24.622Z", "activation_code": "tOgb7b3xuiDxVp4PS1Np43r01QtXEq1sgd0uK1jL", "subscribed": false, "subscribe_date": null, "unsubscribed": false, "unsubscribe_date": null}}, {"model": "newsletter.article", "pk": 1, "fields": {"sortorder": 10, "title": "First Newsletter Example", "text": "<p>Lorem ipsum dolor sit amet, consectetur adipiscing elit. Phasellus feugiat, nisl eu tristique porta, nisi tortor porta quam, id rutrum tortor est sit amet mi. Fusce nec eros a libero faucibus facilisis quis sagittis lacus. Aenean in fermentum mi. Donec faucibus, diam quis consectetur iaculis, risus risus tristique enim, et elementum urna nulla eu nunc. Phasellus maximus ornare purus. Vestibulum non dolor sit amet ipsum gravida porta in in odio. Fusce viverra ligula justo, sit amet condimentum justo viverra auctor. Aenean ultrices augue in ultricies eleifend. Aenean vel justo sit amet neque consequat maximus. Sed tincidunt vulputate lorem volutpat sollicitudin. Nullam quis ultricies massa, eget lacinia mauris. Donec in ante nibh. Vivamus vehicula orci at gravida ultrices. Suspendisse at convallis enim. Quisque ac arcu ultrices, bibendum risus nec, consequat nunc. Suspendisse porttitor tempor congue.</p>\r\n\r\n<p>In odio est, auctor sed posuere vitae, sodales nec odio. Aliquam erat volutpat. Vestibulum auctor ipsum eget enim molestie, at porttitor est commodo. Morbi cursus congue leo, sed ultricies erat semper nec. Morbi finibus elit posuere augue hendrerit, tincidunt vestibulum sapien ultrices. Aliquam viverra tellus ac nibh tincidunt, ac posuere nisi ornare. Vestibulum rhoncus faucibus enim, vestibulum lobortis sem consequat vitae. Proin a porta turpis. Pellentesque congue consectetur quam ut aliquet. Integer vel malesuada odio. Praesent velit tellus, ultrices eu efficitur in, euismod eleifend leo. Pellentesque ultrices erat sit amet mauris tristique varius. Aenean tincidunt est in bibendum accumsan. Vestibulum porttitor ut nisi at elementum.</p>\r\n\r\n<p>Etiam vel orci nulla. Aliquam sit amet sollicitudin enim, ut lacinia odio. Curabitur accumsan, mauris sed vestibulum feugiat, ante velit facilisis enim, dictum elementum urna metus in ex. In nec vehicula purus. Quisque nec volutpat purus. Nullam bibendum mi nec eros efficitur, quis dictum mauris semper. Nulla ac scelerisque ipsum. Nam auctor magna sed quam egestas congue. Ut sit amet faucibus sapien, at malesuada leo. Pellentesque dictum ornare nulla et auctor. Aliquam pharetra, purus sed congue consequat, erat sapien varius eros, eu porta nibh velit sed velit. Cras eleifend leo ut est sodales, blandit finibus nunc dapibus. Fusce elementum turpis in tellus faucibus, a blandit ante venenatis. Sed congue gravida bibendum. Sed et nunc rutrum, viverra velit sed, dignissim lorem.</p>\r\n\r\n<p>Cras vestibulum, quam sed convallis blandit, lacus dui pharetra est, ut mattis mauris leo vel nunc. Integer aliquam eros id mi ultrices varius. Donec iaculis quis lacus id tempus. Quisque arcu felis, tristique ac iaculis eget, porttitor vitae justo. Vestibulum ante ipsum primis in faucibus orci luctus et ultrices posuere cubilia curae; Donec non mattis massa, vel hendrerit lectus. In maximus turpis at ligula pellentesque imperdiet. Nullam eget accumsan sapien. Nunc bibendum metus sed viverra finibus. Integer porta, tortor sagittis porta commodo, velit ligula rutrum arcu, nec tincidunt libero nisl at arcu.</p>\r\n\r\n<p>Sed elementum blandit lectus, ut ullamcorper lacus pulvinar id. In condimentum finibus turpis, ac scelerisque enim mattis quis. Praesent sed enim pellentesque, iaculis leo sed, blandit sapien. Vivamus non ante at augue congue tempus. Morbi ac eros sit amet enim iaculis sollicitudin. Lorem ipsum dolor sit amet, consectetur adipiscing elit. Cras pretium, justo et eleifend elementum, velit ante porta metus, vitae venenatis enim ante non erat. Curabitur ultricies congue dolor, eget maximus est congue in. Cras ut felis id odio pulvinar volutpat.</p>", "url": null, "image": "", "post": 1}}, {"model": "newsletter.message", "pk": 1, "fields": {"title": "First Newsletter", "slug": "first-newsletter", "newsletter": 1, "date_create": "2021-08-23T12:35:33.659Z", "date_modify": "2021-08-23T12:35:33.659Z"}}, {"model": "newsletter.submission", "pk": 1, "fields": {"newsletter": 1, "message": 1, "publish_date": "2021-08-23T12:59:30Z", "publish": true, "prepared": true, "sent": true, "sending": false, "subscriptions": []}}]